time;V(Net-_R1-Pad1_);V(Net-_R2-Pad2_);
0.0060003;0.000933689;0.286305;
0.0060013;0.00407524;0.223559;
0.0060023;0.00721662;0.160801;
0.0060033;0.0103577;0.0980344;
0.0060043;0.0134984;0.0352603;
0.0060053;0.0166386;-0.027519;
0.0060063;0.0197781;-0.0903013;
0.0060073;0.0229168;-0.153084;
0.0060083;0.0260546;-0.215865;
0.0060093;0.0291914;-0.278643;
0.0060103;0.0323271;-0.341413;
0.0060113;0.0354614;-0.404174;
0.0060123;0.0385944;-0.466923;
0.0060133;0.0417258;-0.529657;
0.0060143;0.0448556;-0.592374;
0.0060153;0.0479836;-0.65507;
0.0060163;0.0511097;-0.717742;
0.0060173;0.0542339;-0.780388;
0.0060183;0.0573558;-0.843004;
0.0060193;0.0604755;-0.905588;
0.0060203;0.0635928;-0.968137;
0.0060213;0.0667076;-1.03065;
0.0060223;0.0698198;-1.09312;
0.0060233;0.0729292;-1.15554;
0.0060243;0.0760358;-1.21792;
0.0060253;0.0791393;-1.28025;
0.0060263;0.0822397;-1.34252;
0.0060273;0.0853369;-1.40474;
0.0060283;0.0884307;-1.4669;
0.0060293;0.091521;-1.52901;
0.0060303;0.0946076;-1.59104;
0.0060313;0.0976906;-1.65302;
0.0060323;0.10077;-1.71492;
0.0060333;0.103845;-1.77675;
0.0060343;0.106916;-1.83851;
0.0060353;0.109983;-1.9002;
0.0060363;0.113045;-1.9618;
0.0060373;0.116103;-2.02332;
0.0060383;0.119156;-2.08476;
0.0060393;0.122205;-2.14612;
0.0060403;0.125249;-2.20738;
0.0060413;0.128288;-2.26856;
0.0060423;0.131322;-2.32964;
0.0060433;0.134351;-2.39063;
0.0060443;0.137374;-2.45152;
0.0060453;0.140392;-2.51231;
0.0060463;0.143404;-2.57299;
0.0060473;0.146411;-2.63357;
0.0060483;0.149412;-2.69405;
0.0060493;0.152407;-2.75441;
0.0060503;0.155396;-2.81466;
0.0060513;0.158379;-2.8748;
0.0060523;0.161356;-2.93482;
0.0060533;0.164326;-2.99472;
0.0060543;0.16729;-3.0545;
0.0060553;0.170247;-3.11416;
0.0060563;0.173198;-3.17369;
0.0060573;0.176141;-3.23309;
0.0060583;0.179078;-3.29236;
0.0060593;0.182008;-3.3515;
0.0060603;0.18493;-3.41051;
0.0060613;0.187845;-3.46937;
0.0060623;0.190753;-3.5281;
0.0060633;0.193653;-3.58668;
0.0060643;0.196546;-3.64512;
0.0060653;0.19943;-3.70342;
0.0060663;0.202307;-3.76156;
0.0060673;0.205176;-3.81956;
0.0060683;0.208037;-3.8774;
0.0060693;0.21089;-3.93508;
0.0060703;0.213734;-3.99261;
0.0060713;0.21657;-4.04997;
0.0060723;0.219397;-4.10718;
0.0060733;0.222216;-4.16422;
0.0060743;0.225026;-4.22109;
0.0060753;0.227827;-4.27779;
0.0060763;0.230619;-4.33433;
0.0060773;0.233402;-4.39069;
0.0060783;0.236175;-4.44687;
0.0060793;0.23894;-4.50287;
0.0060803;0.241695;-4.5587;
0.0060813;0.24444;-4.61434;
0.0060823;0.247176;-4.6698;
0.0060833;0.249902;-4.72507;
0.0060843;0.252618;-4.78016;
0.0060853;0.255324;-4.83505;
0.0060863;0.25802;-4.88975;
0.0060873;0.260706;-4.94425;
0.0060883;0.263381;-4.99856;
0.0060893;0.266047;-5.05267;
0.0060903;0.268701;-5.10658;
0.0060913;0.271345;-5.16028;
0.0060923;0.273979;-5.21378;
0.0060933;0.276601;-5.26706;
0.0060943;0.279213;-5.32014;
0.0060953;0.281813;-5.37301;
0.0060963;0.284403;-5.42566;
0.0060973;0.286981;-5.4781;
0.0060983;0.289548;-5.53032;
0.0060993;0.292104;-5.58232;
0.0061003;0.294647;-5.63409;
0.0061013;0.29718;-5.68565;
0.0061023;0.2997;-5.73697;
0.0061033;0.302209;-5.78807;
0.0061043;0.304706;-5.83894;
0.0061053;0.307191;-5.88957;
0.0061063;0.309663;-5.93997;
0.0061073;0.312124;-5.99014;
0.0061083;0.314572;-6.04006;
0.0061093;0.317008;-6.08975;
0.0061103;0.319431;-6.13919;
0.0061113;0.321841;-6.18839;
0.0061123;0.324239;-6.23735;
0.0061133;0.326624;-6.28605;
0.0061143;0.328997;-6.33451;
0.0061153;0.331356;-6.38271;
0.0061163;0.333702;-6.43066;
0.0061173;0.336035;-6.47836;
0.0061183;0.338354;-6.5258;
0.0061193;0.340661;-6.57298;
0.0061203;0.342954;-6.61989;
0.0061213;0.345233;-6.66655;
0.0061223;0.347499;-6.71294;
0.0061233;0.349751;-6.75906;
0.0061243;0.351989;-6.80492;
0.0061253;0.354213;-6.8505;
0.0061263;0.356423;-6.89582;
0.0061273;0.358619;-6.94086;
0.0061283;0.360802;-6.98562;
0.0061293;0.362969;-7.03011;
0.0061303;0.365123;-7.07431;
0.0061313;0.367262;-7.11824;
0.0061323;0.369386;-7.16189;
0.0061333;0.371496;-7.20525;
0.0061343;0.373592;-7.24832;
0.0061353;0.375672;-7.29111;
0.0061363;0.377738;-7.33361;
0.0061373;0.379789;-7.37581;
0.0061383;0.381825;-7.41773;
0.0061393;0.383845;-7.45935;
0.0061403;0.385851;-7.50068;
0.0061413;0.387841;-7.5417;
0.0061423;0.389817;-7.58243;
0.0061433;0.391776;-7.62286;
0.0061443;0.39372;-7.66298;
0.0061453;0.395649;-7.70281;
0.0061463;0.397562;-7.74232;
0.0061473;0.399459;-7.78153;
0.0061483;0.401341;-7.82043;
0.0061493;0.403207;-7.85903;
0.0061503;0.405057;-7.89731;
0.0061513;0.40689;-7.93527;
0.0061523;0.408708;-7.97292;
0.0061533;0.41051;-8.01026;
0.0061543;0.412295;-8.04728;
0.0061553;0.414064;-8.08398;
0.0061563;0.415817;-8.12036;
0.0061573;0.417554;-8.15642;
0.0061583;0.419273;-8.19215;
0.0061593;0.420977;-8.22757;
0.0061603;0.422664;-8.26265;
0.0061613;0.424334;-8.29741;
0.0061623;0.425987;-8.33184;
0.0061633;0.427623;-8.36593;
0.0061643;0.429243;-8.3997;
0.0061653;0.430846;-8.43314;
0.0061663;0.432431;-8.46624;
0.0061673;0.434;-8.499;
0.0061683;0.435551;-8.53143;
0.0061693;0.437085;-8.56352;
0.0061703;0.438602;-8.59527;
0.0061713;0.440102;-8.62669;
0.0061723;0.441584;-8.65776;
0.0061733;0.443049;-8.68848;
0.0061743;0.444497;-8.71887;
0.0061753;0.445926;-8.7489;
0.0061763;0.447339;-8.7786;
0.0061773;0.448733;-8.80794;
0.0061783;0.45011;-8.83693;
0.0061793;0.451469;-8.86558;
0.0061803;0.45281;-8.89387;
0.0061813;0.454134;-8.92182;
0.0061823;0.455439;-8.9494;
0.0061833;0.456727;-8.97664;
0.0061843;0.457996;-9.00352;
0.0061853;0.459247;-9.03004;
0.0061863;0.460481;-9.05621;
0.0061873;0.461696;-9.08201;
0.0061883;0.462892;-9.10746;
0.0061893;0.464071;-9.13255;
0.0061903;0.465231;-9.15727;
0.0061913;0.466373;-9.18163;
0.0061923;0.467496;-9.20563;
0.0061933;0.468601;-9.22927;
0.0061943;0.469688;-9.25254;
0.0061953;0.470756;-9.27544;
0.0061963;0.471805;-9.29798;
0.0061973;0.472836;-9.32014;
0.0061983;0.473848;-9.34194;
0.0061993;0.474841;-9.36337;
0.0062003;0.475816;-9.38443;
0.0062013;0.476772;-9.40512;
0.0062023;0.477709;-9.42543;
0.0062033;0.478627;-9.44537;
0.0062043;0.479526;-9.46494;
0.0062053;0.480406;-9.48413;
0.0062063;0.481268;-9.50295;
0.0062073;0.48211;-9.52139;
0.0062083;0.482934;-9.53945;
0.0062093;0.483738;-9.55714;
0.0062103;0.484523;-9.57445;
0.0062113;0.485289;-9.59138;
0.0062123;0.486036;-9.60793;
0.0062133;0.486764;-9.6241;
0.0062143;0.487472;-9.63988;
0.0062153;0.488161;-9.65529;
0.0062163;0.488831;-9.67031;
0.0062173;0.489482;-9.68496;
0.0062183;0.490113;-9.69921;
0.0062193;0.490725;-9.71309;
0.0062203;0.491318;-9.72658;
0.0062213;0.491891;-9.73968;
0.0062223;0.492445;-9.7524;
0.0062233;0.492979;-9.76473;
0.0062243;0.493494;-9.77667;
0.0062253;0.493989;-9.78823;
0.0062263;0.494465;-9.7994;
0.0062273;0.494922;-9.81019;
0.0062283;0.495359;-9.82058;
0.0062293;0.495776;-9.83058;
0.0062303;0.496174;-9.8402;
0.0062313;0.496552;-9.84943;
0.0062323;0.49691;-9.85826;
0.0062333;0.497249;-9.86671;
0.0062343;0.497568;-9.87476;
0.0062353;0.497868;-9.88243;
0.0062363;0.498148;-9.8897;
0.0062373;0.498408;-9.89658;
0.0062383;0.498649;-9.90307;
0.0062393;0.49887;-9.90916;
0.0062403;0.499071;-9.91487;
0.0062413;0.499253;-9.92018;
0.0062423;0.499415;-9.92509;
0.0062433;0.499557;-9.92962;
0.0062443;0.499679;-9.93375;
0.0062453;0.499782;-9.93749;
0.0062463;0.499865;-9.94083;
0.0062473;0.499928;-9.94378;
0.0062483;0.499971;-9.94634;
0.0062493;0.499995;-9.9485;
0.0062503;0.499999;-9.95027;
0.0062513;0.499983;-9.95164;
0.0062523;0.499948;-9.95262;
0.0062533;0.499893;-9.9532;
0.0062543;0.499818;-9.95339;
0.0062553;0.499723;-9.95319;
0.0062563;0.499609;-9.95259;
0.0062573;0.499475;-9.95159;
0.0062583;0.499321;-9.95021;
0.0062593;0.499147;-9.94842;
0.0062603;0.498954;-9.94625;
0.0062613;0.498741;-9.94368;
0.0062623;0.498508;-9.94071;
0.0062633;0.498256;-9.93735;
0.0062643;0.497984;-9.9336;
0.0062653;0.497692;-9.92945;
0.0062663;0.497381;-9.92491;
0.0062673;0.49705;-9.91997;
0.0062683;0.496699;-9.91465;
0.0062693;0.496329;-9.90892;
0.0062703;0.495939;-9.90281;
0.0062713;0.49553;-9.8963;
0.0062723;0.495101;-9.8894;
0.0062733;0.494653;-9.88211;
0.0062743;0.494185;-9.87443;
0.0062753;0.493697;-9.86635;
0.0062763;0.49319;-9.85789;
0.0062773;0.492664;-9.84903;
0.0062783;0.492118;-9.83978;
0.0062793;0.491553;-9.83014;
0.0062803;0.490968;-9.82011;
0.0062813;0.490364;-9.8097;
0.0062823;0.48974;-9.79889;
0.0062833;0.489097;-9.78769;
0.0062843;0.488435;-9.77611;
0.0062853;0.487754;-9.76414;
0.0062863;0.487053;-9.75178;
0.0062873;0.486333;-9.73903;
0.0062883;0.485594;-9.7259;
0.0062893;0.484836;-9.71238;
0.0062903;0.484059;-9.69847;
0.0062913;0.483262;-9.68418;
0.0062923;0.482446;-9.66951;
0.0062933;0.481612;-9.65445;
0.0062943;0.480758;-9.63901;
0.0062953;0.479886;-9.62319;
0.0062963;0.478994;-9.60698;
0.0062973;0.478083;-9.5904;
0.0062983;0.477154;-9.57343;
0.0062993;0.476206;-9.55608;
0.0063003;0.475239;-9.53835;
0.0063013;0.474253;-9.52025;
0.0063023;0.473249;-9.50176;
0.0063033;0.472226;-9.4829;
0.0063043;0.471184;-9.46367;
0.0063053;0.470123;-9.44405;
0.0063063;0.469044;-9.42406;
0.0063073;0.467947;-9.4037;
0.0063083;0.466831;-9.38297;
0.0063093;0.465696;-9.36186;
0.0063103;0.464544;-9.34038;
0.0063113;0.463373;-9.31853;
0.0063123;0.462183;-9.29631;
0.0063133;0.460976;-9.27371;
0.0063143;0.45975;-9.25076;
0.0063153;0.458506;-9.22743;
0.0063163;0.457244;-9.20374;
0.0063173;0.455963;-9.17968;
0.0063183;0.454665;-9.15526;
0.0063193;0.453349;-9.13047;
0.0063203;0.452015;-9.10532;
0.0063213;0.450663;-9.07981;
0.0063223;0.449294;-9.05394;
0.0063233;0.447906;-9.02771;
0.0063243;0.446501;-9.00112;
0.0063253;0.445079;-8.97417;
0.0063263;0.443638;-8.94686;
0.0063273;0.442181;-8.91921;
0.0063283;0.440705;-8.89119;
0.0063293;0.439213;-8.86282;
0.0063303;0.437703;-8.8341;
0.0063313;0.436176;-8.80503;
0.0063323;0.434631;-8.77561;
0.0063333;0.433069;-8.74585;
0.0063343;0.431491;-8.71573;
0.0063353;0.429895;-8.68527;
0.0063363;0.428282;-8.65446;
0.0063373;0.426653;-8.62331;
0.0063383;0.425006;-8.59181;
0.0063393;0.423343;-8.55998;
0.0063403;0.421663;-8.5278;
0.0063413;0.419966;-8.49528;
0.0063423;0.418253;-8.46243;
0.0063433;0.416523;-8.42924;
0.0063443;0.414777;-8.39572;
0.0063453;0.413015;-8.36186;
0.0063463;0.411236;-8.32767;
0.0063473;0.409441;-8.29315;
0.0063483;0.40763;-8.2583;
0.0063493;0.405802;-8.22312;
0.0063503;0.403959;-8.18761;
0.0063513;0.4021;-8.15178;
0.0063523;0.400225;-8.11563;
0.0063533;0.398334;-8.07915;
0.0063543;0.396427;-8.04235;
0.0063553;0.394505;-8.00523;
0.0063563;0.392567;-7.9678;
0.0063573;0.390613;-7.93004;
0.0063583;0.388644;-7.89197;
0.0063593;0.38666;-7.85359;
0.0063603;0.384661;-7.8149;
0.0063613;0.382646;-7.77589;
0.0063623;0.380616;-7.73658;
0.0063633;0.378572;-7.69695;
0.0063643;0.376512;-7.65703;
0.0063653;0.374437;-7.61679;
0.0063663;0.372348;-7.57626;
0.0063673;0.370244;-7.53542;
0.0063683;0.368125;-7.49429;
0.0063693;0.365992;-7.45285;
0.0063703;0.363845;-7.41112;
0.0063713;0.361683;-7.3691;
0.0063723;0.359506;-7.32678;
0.0063733;0.357316;-7.28417;
0.0063743;0.355111;-7.24127;
0.0063753;0.352893;-7.19809;
0.0063763;0.35066;-7.15461;
0.0063773;0.348414;-7.11086;
0.0063783;0.346154;-7.06682;
0.0063793;0.34388;-7.0225;
0.0063803;0.341592;-6.9779;
0.0063813;0.339291;-6.93302;
0.0063823;0.336977;-6.88787;
0.0063833;0.33465;-6.84244;
0.0063843;0.332309;-6.79674;
0.0063853;0.329955;-6.75077;
0.0063863;0.327588;-6.70453;
0.0063873;0.325208;-6.65803;
0.0063883;0.322816;-6.61126;
0.0063893;0.32041;-6.56423;
0.0063903;0.317992;-6.51694;
0.0063913;0.315561;-6.46938;
0.0063923;0.313118;-6.42158;
0.0063933;0.310663;-6.37351;
0.0063943;0.308195;-6.32519;
0.0063953;0.305715;-6.27663;
0.0063963;0.303223;-6.22781;
0.0063973;0.300719;-6.17874;
0.0063983;0.298204;-6.12943;
0.0063993;0.295676;-6.07987;
0.0064003;0.293137;-6.03008;
0.0064013;0.290586;-5.98004;
0.0064023;0.288024;-5.92976;
0.0064033;0.28545;-5.87925;
0.0064043;0.282865;-5.82851;
0.0064053;0.280269;-5.77753;
0.0064063;0.277662;-5.72633;
0.0064073;0.275044;-5.6749;
0.0064083;0.272415;-5.62324;
0.0064093;0.269775;-5.57135;
0.0064103;0.267125;-5.51925;
0.0064113;0.264464;-5.46693;
0.0064123;0.261792;-5.41439;
0.0064133;0.259111;-5.36163;
0.0064143;0.256419;-5.30866;
0.0064153;0.253717;-5.25548;
0.0064163;0.251005;-5.20209;
0.0064173;0.248283;-5.1485;
0.0064183;0.245551;-5.0947;
0.0064193;0.242809;-5.0407;
0.0064203;0.240058;-4.98649;
0.0064213;0.237298;-4.93209;
0.0064223;0.234528;-4.87749;
0.0064233;0.231749;-4.8227;
0.0064243;0.22896;-4.76772;
0.0064253;0.226163;-4.71255;
0.0064263;0.223357;-4.65719;
0.0064273;0.220542;-4.60164;
0.0064283;0.217718;-4.54592;
0.0064293;0.214885;-4.49001;
0.0064303;0.212044;-4.43392;
0.0064313;0.209195;-4.37766;
0.0064323;0.206338;-4.32122;
0.0064333;0.203472;-4.26461;
0.0064343;0.200598;-4.20783;
0.0064353;0.197717;-4.15089;
0.0064363;0.194827;-4.09378;
0.0064373;0.19193;-4.03651;
0.0064383;0.189025;-3.97907;
0.0064393;0.186113;-3.92148;
0.0064403;0.183194;-3.86374;
0.0064413;0.180267;-3.80584;
0.0064423;0.177333;-3.74778;
0.0064433;0.174392;-3.68958;
0.0064443;0.171445;-3.63124;
0.0064453;0.16849;-3.57275;
0.0064463;0.165529;-3.51411;
0.0064473;0.162561;-3.45534;
0.0064483;0.159587;-3.39643;
0.0064493;0.156607;-3.33739;
0.0064503;0.15362;-3.27821;
0.0064513;0.150628;-3.21891;
0.0064523;0.147629;-3.15947;
0.0064533;0.144625;-3.09991;
0.0064543;0.141614;-3.04023;
0.0064553;0.138599;-2.98043;
0.0064563;0.135577;-2.92051;
0.0064573;0.132551;-2.86047;
0.0064583;0.129519;-2.80032;
0.0064593;0.126482;-2.74006;
0.0064603;0.12344;-2.67969;
0.0064613;0.120394;-2.61922;
0.0064623;0.117342;-2.55864;
0.0064633;0.114286;-2.49796;
0.0064643;0.111225;-2.43718;
0.0064653;0.10816;-2.37631;
0.0064663;0.105091;-2.31534;
0.0064673;0.102017;-2.25428;
0.0064683;0.0989399;-2.19313;
0.0064693;0.0958585;-2.1319;
0.0064703;0.0927733;-2.07058;
0.0064713;0.0896845;-2.00918;
0.0064723;0.0865921;-1.9477;
0.0064733;0.0834963;-1.88614;
0.0064743;0.0803972;-1.82451;
0.0064753;0.0772949;-1.76281;
0.0064763;0.0741896;-1.70104;
0.0064773;0.0710813;-1.6392;
0.0064783;0.0679702;-1.57729;
0.0064793;0.0648565;-1.51533;
0.0064803;0.0617402;-1.45331;
0.0064813;0.0586214;-1.39122;
0.0064823;0.0555004;-1.32909;
0.0064833;0.0523771;-1.2669;
0.0064843;0.0492518;-1.20466;
0.0064853;0.0461245;-1.14238;
0.0064863;0.0429954;-1.08005;
0.0064873;0.0398647;-1.01767;
0.0064883;0.0367323;-0.955258;
0.0064893;0.0335985;-0.892805;
0.0064903;0.0304634;-0.830316;
0.0064913;0.027327;-0.767793;
0.0064923;0.0241896;-0.705238;
0.0064933;0.0210512;-0.642653;
0.0064943;0.017912;-0.58004;
0.0064953;0.0147721;-0.517401;
0.0064963;0.0116316;-0.454739;
0.0064973;0.00849068;-0.392055;
0.0064983;0.00534939;-0.32935;
0.0064993;0.0022079;-0.266628;
0.0065003;-0.000933689;-0.20389;
0.0065013;-0.00407524;-0.141138;
0.0065023;-0.00721662;-0.0783742;
0.0065033;-0.0103577;-0.0156003;
0.0065043;-0.0134984;0.0471814;
0.0065053;-0.0166386;0.109969;
0.0065063;-0.0197781;0.172759;
0.0065073;-0.0229168;0.23555;
0.0065083;-0.0260546;0.29834;
0.0065093;-0.0291914;0.361125;
0.0065103;-0.0323271;0.423903;
0.0065113;-0.0354614;0.486672;
0.0065123;-0.0385944;0.549428;
0.0065133;-0.0417258;0.612169;
0.0065143;-0.0448556;0.674892;
0.0065153;-0.0479836;0.737593;
0.0065163;-0.0511097;0.80027;
0.0065173;-0.0542339;0.862921;
0.0065183;-0.0573558;0.925541;
0.0065193;-0.0604755;0.988128;
0.0065203;-0.0635928;1.05068;
0.0065213;-0.0667076;1.11319;
0.0065223;-0.0698198;1.17566;
0.0065233;-0.0729292;1.23809;
0.0065243;-0.0760358;1.30047;
0.0065253;-0.0791393;1.36279;
0.0065263;-0.0822397;1.42507;
0.0065273;-0.0853369;1.48729;
0.0065283;-0.0884307;1.54945;
0.0065293;-0.091521;1.61155;
0.0065303;-0.0946076;1.67359;
0.0065313;-0.0976906;1.73556;
0.0065323;-0.10077;1.79746;
0.0065333;-0.103845;1.85929;
0.0065343;-0.106916;1.92105;
0.0065353;-0.109983;1.98273;
0.0065363;-0.113045;2.04434;
0.0065373;-0.116103;2.10586;
0.0065383;-0.119156;2.1673;
0.0065393;-0.122205;2.22865;
0.0065403;-0.125249;2.28991;
0.0065413;-0.128288;2.35109;
0.0065423;-0.131322;2.41217;
0.0065433;-0.134351;2.47315;
0.0065443;-0.137374;2.53404;
0.0065453;-0.140392;2.59483;
0.0065463;-0.143404;2.65551;
0.0065473;-0.146411;2.71609;
0.0065483;-0.149412;2.77656;
0.0065493;-0.152407;2.83692;
0.0065503;-0.155396;2.89718;
0.0065513;-0.158379;2.95731;
0.0065523;-0.161356;3.01733;
0.0065533;-0.164326;3.07723;
0.0065543;-0.16729;3.13701;
0.0065553;-0.170247;3.19667;
0.0065563;-0.173198;3.2562;
0.0065573;-0.176141;3.3156;
0.0065583;-0.179078;3.37487;
0.0065593;-0.182008;3.43401;
0.0065603;-0.18493;3.49301;
0.0065613;-0.187845;3.55187;
0.0065623;-0.190753;3.6106;
0.0065633;-0.193653;3.66918;
0.0065643;-0.196546;3.72762;
0.0065653;-0.19943;3.78592;
0.0065663;-0.202307;3.84406;
0.0065673;-0.205176;3.90205;
0.0065683;-0.208037;3.95989;
0.0065693;-0.21089;4.01758;
0.0065703;-0.213734;4.0751;
0.0065713;-0.21657;4.13247;
0.0065723;-0.219397;4.18967;
0.0065733;-0.222216;4.24671;
0.0065743;-0.225026;4.30358;
0.0065753;-0.227827;4.36029;
0.0065763;-0.230619;4.41682;
0.0065773;-0.233402;4.47318;
0.0065783;-0.236175;4.52936;
0.0065793;-0.23894;4.58536;
0.0065803;-0.241695;4.64119;
0.0065813;-0.24444;4.69683;
0.0065823;-0.247176;4.75229;
0.0065833;-0.249902;4.80756;
0.0065843;-0.252618;4.86264;
0.0065853;-0.255324;4.91754;
0.0065863;-0.25802;4.97224;
0.0065873;-0.260706;5.02674;
0.0065883;-0.263381;5.08105;
0.0065893;-0.266047;5.13515;
0.0065903;-0.268701;5.18906;
0.0065913;-0.271345;5.24276;
0.0065923;-0.273979;5.29626;
0.0065933;-0.276601;5.34955;
0.0065943;-0.279213;5.40263;
0.0065953;-0.281813;5.45549;
0.0065963;-0.284403;5.50815;
0.0065973;-0.286981;5.56058;
0.0065983;-0.289548;5.6128;
0.0065993;-0.292104;5.6648;
0.0066003;-0.294647;5.71658;
0.0066013;-0.29718;5.76813;
0.0066023;-0.2997;5.81945;
0.0066033;-0.302209;5.87055;
0.0066043;-0.304706;5.92142;
0.0066053;-0.307191;5.97205;
0.0066063;-0.309663;6.02245;
0.0066073;-0.312124;6.07262;
0.0066083;-0.314572;6.12254;
0.0066093;-0.317008;6.17223;
0.0066103;-0.319431;6.22167;
0.0066113;-0.321841;6.27087;
0.0066123;-0.324239;6.31982;
0.0066133;-0.326624;6.36853;
0.0066143;-0.328997;6.41699;
0.0066153;-0.331356;6.46519;
0.0066163;-0.333702;6.51314;
0.0066173;-0.336035;6.56084;
0.0066183;-0.338354;6.60827;
0.0066193;-0.340661;6.65545;
0.0066203;-0.342954;6.70237;
0.0066213;-0.345233;6.74902;
0.0066223;-0.347499;6.79541;
0.0066233;-0.349751;6.84154;
0.0066243;-0.351989;6.88739;
0.0066253;-0.354213;6.93298;
0.0066263;-0.356423;6.97829;
0.0066273;-0.358619;7.02333;
0.0066283;-0.360802;7.06809;
0.0066293;-0.362969;7.11258;
0.0066303;-0.365123;7.15679;
0.0066313;-0.367262;7.20072;
0.0066323;-0.369386;7.24436;
0.0066333;-0.371496;7.28772;
0.0066343;-0.373592;7.3308;
0.0066353;-0.375672;7.37358;
0.0066363;-0.377738;7.41608;
0.0066373;-0.379789;7.45829;
0.0066383;-0.381825;7.5002;
0.0066393;-0.383845;7.54182;
0.0066403;-0.385851;7.58315;
0.0066413;-0.387841;7.62418;
0.0066423;-0.389817;7.6649;
0.0066433;-0.391776;7.70533;
0.0066443;-0.39372;7.74546;
0.0066453;-0.395649;7.78528;
0.0066463;-0.397562;7.8248;
0.0066473;-0.399459;7.86401;
0.0066483;-0.401341;7.90291;
0.0066493;-0.403207;7.9415;
0.0066503;-0.405057;7.97978;
0.0066513;-0.40689;8.01774;
0.0066523;-0.408708;8.0554;
0.0066533;-0.41051;8.09273;
0.0066543;-0.412295;8.12975;
0.0066553;-0.414064;8.16645;
0.0066563;-0.415817;8.20283;
0.0066573;-0.417554;8.23889;
0.0066583;-0.419273;8.27463;
0.0066593;-0.420977;8.31004;
0.0066603;-0.422664;8.34512;
0.0066613;-0.424334;8.37988;
0.0066623;-0.425987;8.41431;
0.0066633;-0.427623;8.44841;
0.0066643;-0.429243;8.48217;
0.0066653;-0.430846;8.51561;
0.0066663;-0.432431;8.54871;
0.0066673;-0.434;8.58147;
0.0066683;-0.435551;8.6139;
0.0066693;-0.437085;8.64599;
0.0066703;-0.438602;8.67775;
0.0066713;-0.440102;8.70916;
0.0066723;-0.441584;8.74023;
0.0066733;-0.443049;8.77095;
0.0066743;-0.444497;8.80134;
0.0066753;-0.445926;8.83137;
0.0066763;-0.447339;8.86107;
0.0066773;-0.448733;8.89041;
0.0066783;-0.45011;8.9194;
0.0066793;-0.451469;8.94805;
0.0066803;-0.45281;8.97634;
0.0066813;-0.454134;9.00429;
0.0066823;-0.455439;9.03187;
0.0066833;-0.456727;9.05911;
0.0066843;-0.457996;9.08599;
0.0066853;-0.459247;9.11251;
0.0066863;-0.460481;9.13868;
0.0066873;-0.461696;9.16448;
0.0066883;-0.462892;9.18993;
0.0066893;-0.464071;9.21502;
0.0066903;-0.465231;9.23974;
0.0066913;-0.466373;9.2641;
0.0066923;-0.467496;9.2881;
0.0066933;-0.468601;9.31174;
0.0066943;-0.469688;9.33501;
0.0066953;-0.470756;9.35791;
0.0066963;-0.471805;9.38045;
0.0066973;-0.472836;9.40261;
0.0066983;-0.473848;9.42441;
0.0066993;-0.474841;9.44584;
0.0067003;-0.475816;9.4669;
0.0067013;-0.476772;9.48759;
0.0067023;-0.477709;9.5079;
0.0067033;-0.478627;9.52784;
0.0067043;-0.479526;9.54741;
0.0067053;-0.480406;9.5666;
0.0067063;-0.481268;9.58542;
0.0067073;-0.48211;9.60386;
0.0067083;-0.482934;9.62192;
0.0067093;-0.483738;9.63961;
0.0067103;-0.484523;9.65692;
0.0067113;-0.485289;9.67385;
0.0067123;-0.486036;9.6904;
0.0067133;-0.486764;9.70656;
0.0067143;-0.487472;9.72235;
0.0067153;-0.488161;9.73776;
0.0067163;-0.488831;9.75278;
0.0067173;-0.489482;9.76742;
0.0067183;-0.490113;9.78168;
0.0067193;-0.490725;9.79555;
0.0067203;-0.491318;9.80904;
0.0067213;-0.491891;9.82215;
0.0067223;-0.492445;9.83487;
0.0067233;-0.492979;9.8472;
0.0067243;-0.493494;9.85914;
0.0067253;-0.493989;9.8707;
0.0067263;-0.494465;9.88187;
0.0067273;-0.494922;9.89265;
0.0067283;-0.495359;9.90305;
0.0067293;-0.495776;9.91305;
0.0067303;-0.496174;9.92267;
0.0067313;-0.496552;9.93189;
0.0067323;-0.49691;9.94073;
0.0067333;-0.497249;9.94918;
0.0067343;-0.497568;9.95723;
0.0067353;-0.497868;9.96489;
0.0067363;-0.498148;9.97217;
0.0067373;-0.498408;9.97905;
0.0067383;-0.498649;9.98553;
0.0067393;-0.49887;9.99163;
0.0067403;-0.499071;9.99733;
0.0067413;-0.499253;10.0026;
0.0067423;-0.499415;10.0076;
0.0067433;-0.499557;10.0121;
0.0067443;-0.499679;10.0162;
0.0067453;-0.499782;10.02;
0.0067463;-0.499865;10.0233;
0.0067473;-0.499928;10.0262;
0.0067483;-0.499971;10.0288;
0.0067493;-0.499995;10.031;
0.0067503;-0.499999;10.0327;
0.0067513;-0.499983;10.0341;
0.0067523;-0.499948;10.0351;
0.0067533;-0.499893;10.0357;
0.0067543;-0.499818;10.0359;
0.0067553;-0.499723;10.0357;
0.0067563;-0.499609;10.0351;
0.0067573;-0.499475;10.0341;
0.0067583;-0.499321;10.0327;
0.0067593;-0.499147;10.0309;
0.0067603;-0.498954;10.0287;
0.0067613;-0.498741;10.0261;
0.0067623;-0.498508;10.0232;
0.0067633;-0.498256;10.0198;
0.0067643;-0.497984;10.0161;
0.0067653;-0.497692;10.0119;
0.0067663;-0.497381;10.0074;
0.0067673;-0.49705;10.0024;
0.0067683;-0.496699;9.99711;
0.0067693;-0.496329;9.99139;
0.0067703;-0.495939;9.98528;
0.0067713;-0.49553;9.97877;
0.0067723;-0.495101;9.97187;
0.0067733;-0.494653;9.96458;
0.0067743;-0.494185;9.9569;
0.0067753;-0.493697;9.94882;
0.0067763;-0.49319;9.94035;
0.0067773;-0.492664;9.9315;
0.0067783;-0.492118;9.92225;
0.0067793;-0.491553;9.91261;
0.0067803;-0.490968;9.90258;
0.0067813;-0.490364;9.89216;
0.0067823;-0.48974;9.88136;
0.0067833;-0.489097;9.87016;
0.0067843;-0.488435;9.85857;
0.0067853;-0.487754;9.8466;
0.0067863;-0.487053;9.83424;
0.0067873;-0.486333;9.8215;
0.0067883;-0.485594;9.80836;
0.0067893;-0.484836;9.79484;
0.0067903;-0.484059;9.78094;
0.0067913;-0.483262;9.76665;
0.0067923;-0.482446;9.75198;
0.0067933;-0.481612;9.73692;
0.0067943;-0.480758;9.72148;
0.0067953;-0.479886;9.70565;
0.0067963;-0.478994;9.68945;
0.0067973;-0.478083;9.67286;
0.0067983;-0.477154;9.65589;
0.0067993;-0.476206;9.63855;
0.0068003;-0.475239;9.62082;
0.0068013;-0.474253;9.60271;
0.0068023;-0.473249;9.58423;
0.0068033;-0.472226;9.56537;
0.0068043;-0.471184;9.54613;
0.0068053;-0.470123;9.52652;
0.0068063;-0.469044;9.50653;
0.0068073;-0.467947;9.48617;
0.0068083;-0.466831;9.46543;
0.0068093;-0.465696;9.44432;
0.0068103;-0.464544;9.42284;
0.0068113;-0.463373;9.40099;
0.0068123;-0.462183;9.37877;
0.0068133;-0.460976;9.35618;
0.0068143;-0.45975;9.33322;
0.0068153;-0.458506;9.30989;
0.0068163;-0.457244;9.2862;
0.0068173;-0.455963;9.26214;
0.0068183;-0.454665;9.23772;
0.0068193;-0.453349;9.21293;
0.0068203;-0.452015;9.18779;
0.0068213;-0.450663;9.16227;
0.0068223;-0.449294;9.1364;
0.0068233;-0.447906;9.11017;
0.0068243;-0.446501;9.08358;
0.0068253;-0.445079;9.05663;
0.0068263;-0.443638;9.02933;
0.0068273;-0.442181;9.00167;
0.0068283;-0.440705;8.97366;
0.0068293;-0.439213;8.94529;
0.0068303;-0.437703;8.91657;
0.0068313;-0.436176;8.8875;
0.0068323;-0.434631;8.85808;
0.0068333;-0.433069;8.82831;
0.0068343;-0.431491;8.79819;
0.0068353;-0.429895;8.76773;
0.0068363;-0.428282;8.73692;
0.0068373;-0.426653;8.70577;
0.0068383;-0.425006;8.67428;
0.0068393;-0.423343;8.64244;
0.0068403;-0.421663;8.61026;
0.0068413;-0.419966;8.57775;
0.0068423;-0.418253;8.5449;
0.0068433;-0.416523;8.51171;
0.0068443;-0.414777;8.47818;
0.0068453;-0.413015;8.44432;
0.0068463;-0.411236;8.41013;
0.0068473;-0.409441;8.37561;
0.0068483;-0.40763;8.34076;
0.0068493;-0.405802;8.30558;
0.0068503;-0.403959;8.27008;
0.0068513;-0.4021;8.23425;
0.0068523;-0.400225;8.19809;
0.0068533;-0.398334;8.16161;
0.0068543;-0.396427;8.12481;
0.0068553;-0.394505;8.0877;
0.0068563;-0.392567;8.05026;
0.0068573;-0.390613;8.0125;
0.0068583;-0.388644;7.97444;
0.0068593;-0.38666;7.93605;
0.0068603;-0.384661;7.89736;
0.0068613;-0.382646;7.85835;
0.0068623;-0.380616;7.81904;
0.0068633;-0.378572;7.77942;
0.0068643;-0.376512;7.73949;
0.0068653;-0.374437;7.69926;
0.0068663;-0.372348;7.65872;
0.0068673;-0.370244;7.61788;
0.0068683;-0.368125;7.57675;
0.0068693;-0.365992;7.53531;
0.0068703;-0.363845;7.49358;
0.0068713;-0.361683;7.45156;
0.0068723;-0.359506;7.40924;
0.0068733;-0.357316;7.36663;
0.0068743;-0.355111;7.32373;
0.0068753;-0.352893;7.28055;
0.0068763;-0.35066;7.23707;
0.0068773;-0.348414;7.19332;
0.0068783;-0.346154;7.14928;
0.0068793;-0.34388;7.10496;
0.0068803;-0.341592;7.06036;
0.0068813;-0.339291;7.01548;
0.0068823;-0.336977;6.97033;
0.0068833;-0.33465;6.9249;
0.0068843;-0.332309;6.8792;
0.0068853;-0.329955;6.83323;
0.0068863;-0.327588;6.78699;
0.0068873;-0.325208;6.74049;
0.0068883;-0.322816;6.69372;
0.0068893;-0.32041;6.64669;
0.0068903;-0.317992;6.5994;
0.0068913;-0.315561;6.55184;
0.0068923;-0.313118;6.50404;
0.0068933;-0.310663;6.45597;
0.0068943;-0.308195;6.40765;
0.0068953;-0.305715;6.35908;
0.0068963;-0.303223;6.31027;
0.0068973;-0.300719;6.2612;
0.0068983;-0.298204;6.21189;
0.0068993;-0.295676;6.16233;
0.0069003;-0.293137;6.11253;
0.0069013;-0.290586;6.0625;
0.0069023;-0.288024;6.01222;
0.0069033;-0.28545;5.96171;
0.0069043;-0.282865;5.91097;
0.0069053;-0.280269;5.85999;
0.0069063;-0.277662;5.80879;
0.0069073;-0.275044;5.75735;
0.0069083;-0.272415;5.70569;
0.0069093;-0.269775;5.65381;
0.0069103;-0.267125;5.60171;
0.0069113;-0.264464;5.54938;
0.0069123;-0.261792;5.49684;
0.0069133;-0.259111;5.44409;
0.0069143;-0.256419;5.39112;
0.0069153;-0.253717;5.33794;
0.0069163;-0.251005;5.28455;
0.0069173;-0.248283;5.23095;
0.0069183;-0.245551;5.17715;
0.0069193;-0.242809;5.12315;
0.0069203;-0.240058;5.06895;
0.0069213;-0.237298;5.01454;
0.0069223;-0.234528;4.95995;
0.0069233;-0.231749;4.90516;
0.0069243;-0.22896;4.85017;
0.0069253;-0.226163;4.795;
0.0069263;-0.223357;4.73964;
0.0069273;-0.220542;4.68409;
0.0069283;-0.217718;4.62837;
0.0069293;-0.214885;4.57246;
0.0069303;-0.212044;4.51637;
0.0069313;-0.209195;4.46011;
0.0069323;-0.206338;4.40367;
0.0069333;-0.203472;4.34706;
0.0069343;-0.200598;4.29028;
0.0069353;-0.197717;4.23334;
0.0069363;-0.194827;4.17623;
0.0069373;-0.19193;4.11895;
0.0069383;-0.189025;4.06152;
0.0069393;-0.186113;4.00393;
0.0069403;-0.183194;3.94618;
0.0069413;-0.180267;3.88828;
0.0069423;-0.177333;3.83023;
0.0069433;-0.174392;3.77203;
0.0069443;-0.171445;3.71368;
0.0069453;-0.16849;3.65519;
0.0069463;-0.165529;3.59656;
0.0069473;-0.162561;3.53778;
0.0069483;-0.159587;3.47887;
0.0069493;-0.156607;3.41983;
0.0069503;-0.15362;3.36065;
0.0069513;-0.150628;3.30135;
0.0069523;-0.147629;3.24191;
0.0069533;-0.144625;3.18235;
0.0069543;-0.141614;3.12267;
0.0069553;-0.138599;3.06286;
0.0069563;-0.135577;3.00294;
0.0069573;-0.132551;2.94291;
0.0069583;-0.129519;2.88275;
0.0069593;-0.126482;2.82249;
0.0069603;-0.12344;2.76212;
0.0069613;-0.120394;2.70165;
0.0069623;-0.117342;2.64107;
0.0069633;-0.114286;2.58039;
0.0069643;-0.111225;2.51961;
0.0069653;-0.10816;2.45873;
0.0069663;-0.105091;2.39776;
0.0069673;-0.102017;2.3367;
0.0069683;-0.0989399;2.27555;
0.0069693;-0.0958585;2.21431;
0.0069703;-0.0927733;2.15299;
0.0069713;-0.0896845;2.09159;
0.0069723;-0.0865921;2.03011;
0.0069733;-0.0834963;1.96855;
0.0069743;-0.0803972;1.90692;
0.0069753;-0.0772949;1.84521;
0.0069763;-0.0741896;1.78344;
0.0069773;-0.0710813;1.7216;
0.0069783;-0.0679702;1.6597;
0.0069793;-0.0648565;1.59773;
0.0069803;-0.0617402;1.5357;
0.0069813;-0.0586214;1.47362;
0.0069823;-0.0555004;1.41148;
0.0069833;-0.0523771;1.34929;
0.0069843;-0.0492518;1.28705;
0.0069853;-0.0461245;1.22477;
0.0069863;-0.0429954;1.16243;
0.0069873;-0.0398647;1.10006;
0.0069883;-0.0367323;1.03765;
0.0069893;-0.0335985;0.975192;
0.0069903;-0.0304634;0.912703;
0.0069913;-0.027327;0.85018;
0.0069923;-0.0241896;0.787626;
0.0069933;-0.0210512;0.725042;
0.0069943;-0.017912;0.662431;
0.0069953;-0.0147721;0.599795;
0.0069963;-0.0116316;0.537135;
0.0069973;-0.00849068;0.474454;
0.0069983;-0.00534939;0.411754;
0.0069993;-0.0022079;0.349037;
0.0070003;0.000933689;0.286305;
0.0070013;0.00407524;0.223559;
0.0070023;0.00721662;0.160801;
0.0070033;0.0103577;0.0980344;
0.0070043;0.0134984;0.0352603;
0.0070053;0.0166386;-0.027519;
0.0070063;0.0197781;-0.0903013;
0.0070073;0.0229168;-0.153084;
0.0070083;0.0260546;-0.215865;
0.0070093;0.0291914;-0.278643;
0.0070103;0.0323271;-0.341413;
0.0070113;0.0354614;-0.404174;
0.0070123;0.0385944;-0.466923;
0.0070133;0.0417258;-0.529657;
0.0070143;0.0448556;-0.592374;
0.0070153;0.0479836;-0.65507;
0.0070163;0.0511097;-0.717742;
0.0070173;0.0542339;-0.780388;
0.0070183;0.0573558;-0.843004;
0.0070193;0.0604755;-0.905588;
0.0070203;0.0635928;-0.968137;
0.0070213;0.0667076;-1.03065;
0.0070223;0.0698198;-1.09312;
0.0070233;0.0729292;-1.15554;
0.0070243;0.0760358;-1.21792;
0.0070253;0.0791393;-1.28025;
0.0070263;0.0822397;-1.34252;
0.0070273;0.0853369;-1.40474;
0.0070283;0.0884307;-1.4669;
0.0070293;0.091521;-1.52901;
0.0070303;0.0946076;-1.59104;
0.0070313;0.0976906;-1.65302;
0.0070323;0.10077;-1.71492;
0.0070333;0.103845;-1.77675;
0.0070343;0.106916;-1.83851;
0.0070353;0.109983;-1.9002;
0.0070363;0.113045;-1.9618;
0.0070373;0.116103;-2.02332;
0.0070383;0.119156;-2.08476;
0.0070393;0.122205;-2.14612;
0.0070403;0.125249;-2.20738;
0.0070413;0.128288;-2.26856;
0.0070423;0.131322;-2.32964;
0.0070433;0.134351;-2.39063;
0.0070443;0.137374;-2.45152;
0.0070453;0.140392;-2.51231;
0.0070463;0.143404;-2.57299;
0.0070473;0.146411;-2.63357;
0.0070483;0.149412;-2.69405;
0.0070493;0.152407;-2.75441;
0.0070503;0.155396;-2.81466;
0.0070513;0.158379;-2.8748;
0.0070523;0.161356;-2.93482;
0.0070533;0.164326;-2.99472;
0.0070543;0.16729;-3.0545;
0.0070553;0.170247;-3.11416;
0.0070563;0.173198;-3.17369;
0.0070573;0.176141;-3.23309;
0.0070583;0.179078;-3.29236;
0.0070593;0.182008;-3.3515;
0.0070603;0.18493;-3.41051;
0.0070613;0.187845;-3.46937;
0.0070623;0.190753;-3.5281;
0.0070633;0.193653;-3.58668;
0.0070643;0.196546;-3.64512;
0.0070653;0.19943;-3.70342;
0.0070663;0.202307;-3.76156;
0.0070673;0.205176;-3.81956;
0.0070683;0.208037;-3.8774;
0.0070693;0.21089;-3.93508;
0.0070703;0.213734;-3.99261;
0.0070713;0.21657;-4.04997;
0.0070723;0.219397;-4.10718;
0.0070733;0.222216;-4.16422;
0.0070743;0.225026;-4.22109;
0.0070753;0.227827;-4.27779;
0.0070763;0.230619;-4.33433;
0.0070773;0.233402;-4.39069;
0.0070783;0.236175;-4.44687;
0.0070793;0.23894;-4.50287;
0.0070803;0.241695;-4.5587;
0.0070813;0.24444;-4.61434;
0.0070823;0.247176;-4.6698;
0.0070833;0.249902;-4.72507;
0.0070843;0.252618;-4.78016;
0.0070853;0.255324;-4.83505;
0.0070863;0.25802;-4.88975;
0.0070873;0.260706;-4.94425;
0.0070883;0.263381;-4.99856;
0.0070893;0.266047;-5.05267;
0.0070903;0.268701;-5.10658;
0.0070913;0.271345;-5.16028;
0.0070923;0.273979;-5.21378;
0.0070933;0.276601;-5.26706;
0.0070943;0.279213;-5.32014;
0.0070953;0.281813;-5.37301;
0.0070963;0.284403;-5.42566;
0.0070973;0.286981;-5.4781;
0.0070983;0.289548;-5.53032;
0.0070993;0.292104;-5.58232;
0.0071003;0.294647;-5.63409;
0.0071013;0.29718;-5.68565;
0.0071023;0.2997;-5.73697;
0.0071033;0.302209;-5.78807;
0.0071043;0.304706;-5.83894;
0.0071053;0.307191;-5.88957;
0.0071063;0.309663;-5.93997;
0.0071073;0.312124;-5.99014;
0.0071083;0.314572;-6.04006;
0.0071093;0.317008;-6.08975;
0.0071103;0.319431;-6.13919;
0.0071113;0.321841;-6.18839;
0.0071123;0.324239;-6.23735;
0.0071133;0.326624;-6.28605;
0.0071143;0.328997;-6.33451;
0.0071153;0.331356;-6.38271;
0.0071163;0.333702;-6.43066;
0.0071173;0.336035;-6.47836;
0.0071183;0.338354;-6.5258;
0.0071193;0.340661;-6.57298;
0.0071203;0.342954;-6.61989;
0.0071213;0.345233;-6.66655;
0.0071223;0.347499;-6.71294;
0.0071233;0.349751;-6.75906;
0.0071243;0.351989;-6.80492;
0.0071253;0.354213;-6.8505;
0.0071263;0.356423;-6.89582;
0.0071273;0.358619;-6.94086;
0.0071283;0.360802;-6.98562;
0.0071293;0.362969;-7.03011;
0.0071303;0.365123;-7.07431;
0.0071313;0.367262;-7.11824;
0.0071323;0.369386;-7.16189;
0.0071333;0.371496;-7.20525;
0.0071343;0.373592;-7.24832;
0.0071353;0.375672;-7.29111;
0.0071363;0.377738;-7.33361;
0.0071373;0.379789;-7.37581;
0.0071383;0.381825;-7.41773;
0.0071393;0.383845;-7.45935;
0.0071403;0.385851;-7.50068;
0.0071413;0.387841;-7.5417;
0.0071423;0.389817;-7.58243;
0.0071433;0.391776;-7.62286;
0.0071443;0.39372;-7.66298;
0.0071453;0.395649;-7.70281;
0.0071463;0.397562;-7.74232;
0.0071473;0.399459;-7.78153;
0.0071483;0.401341;-7.82043;
0.0071493;0.403207;-7.85903;
0.0071503;0.405057;-7.89731;
0.0071513;0.40689;-7.93527;
0.0071523;0.408708;-7.97292;
0.0071533;0.41051;-8.01026;
0.0071543;0.412295;-8.04728;
0.0071553;0.414064;-8.08398;
0.0071563;0.415817;-8.12036;
0.0071573;0.417554;-8.15642;
0.0071583;0.419273;-8.19215;
0.0071593;0.420977;-8.22757;
0.0071603;0.422664;-8.26265;
0.0071613;0.424334;-8.29741;
0.0071623;0.425987;-8.33184;
0.0071633;0.427623;-8.36593;
0.0071643;0.429243;-8.3997;
0.0071653;0.430846;-8.43314;
0.0071663;0.432431;-8.46624;
0.0071673;0.434;-8.499;
0.0071683;0.435551;-8.53143;
0.0071693;0.437085;-8.56352;
0.0071703;0.438602;-8.59527;
0.0071713;0.440102;-8.62669;
0.0071723;0.441584;-8.65776;
0.0071733;0.443049;-8.68848;
0.0071743;0.444497;-8.71887;
0.0071753;0.445926;-8.7489;
0.0071763;0.447339;-8.7786;
0.0071773;0.448733;-8.80794;
0.0071783;0.45011;-8.83693;
0.0071793;0.451469;-8.86558;
0.0071803;0.45281;-8.89387;
0.0071813;0.454134;-8.92182;
0.0071823;0.455439;-8.9494;
0.0071833;0.456727;-8.97664;
0.0071843;0.457996;-9.00352;
0.0071853;0.459247;-9.03004;
0.0071863;0.460481;-9.05621;
0.0071873;0.461696;-9.08201;
0.0071883;0.462892;-9.10746;
0.0071893;0.464071;-9.13255;
0.0071903;0.465231;-9.15727;
0.0071913;0.466373;-9.18163;
0.0071923;0.467496;-9.20563;
0.0071933;0.468601;-9.22927;
0.0071943;0.469688;-9.25254;
0.0071953;0.470756;-9.27544;
0.0071963;0.471805;-9.29798;
0.0071973;0.472836;-9.32014;
0.0071983;0.473848;-9.34194;
0.0071993;0.474841;-9.36337;
0.0072003;0.475816;-9.38443;
0.0072013;0.476772;-9.40512;
0.0072023;0.477709;-9.42543;
0.0072033;0.478627;-9.44537;
0.0072043;0.479526;-9.46494;
0.0072053;0.480406;-9.48413;
0.0072063;0.481268;-9.50295;
0.0072073;0.48211;-9.52139;
0.0072083;0.482934;-9.53945;
0.0072093;0.483738;-9.55714;
0.0072103;0.484523;-9.57445;
0.0072113;0.485289;-9.59138;
0.0072123;0.486036;-9.60793;
0.0072133;0.486764;-9.6241;
0.0072143;0.487472;-9.63988;
0.0072153;0.488161;-9.65529;
0.0072163;0.488831;-9.67031;
0.0072173;0.489482;-9.68496;
0.0072183;0.490113;-9.69921;
0.0072193;0.490725;-9.71309;
0.0072203;0.491318;-9.72658;
0.0072213;0.491891;-9.73968;
0.0072223;0.492445;-9.7524;
0.0072233;0.492979;-9.76473;
0.0072243;0.493494;-9.77667;
0.0072253;0.493989;-9.78823;
0.0072263;0.494465;-9.7994;
0.0072273;0.494922;-9.81019;
0.0072283;0.495359;-9.82058;
0.0072293;0.495776;-9.83058;
0.0072303;0.496174;-9.8402;
0.0072313;0.496552;-9.84943;
0.0072323;0.49691;-9.85826;
0.0072333;0.497249;-9.86671;
0.0072343;0.497568;-9.87476;
0.0072353;0.497868;-9.88243;
0.0072363;0.498148;-9.8897;
0.0072373;0.498408;-9.89658;
0.0072383;0.498649;-9.90307;
0.0072393;0.49887;-9.90916;
0.0072403;0.499071;-9.91487;
0.0072413;0.499253;-9.92018;
0.0072423;0.499415;-9.92509;
0.0072433;0.499557;-9.92962;
0.0072443;0.499679;-9.93375;
0.0072453;0.499782;-9.93749;
0.0072463;0.499865;-9.94083;
0.0072473;0.499928;-9.94378;
0.0072483;0.499971;-9.94634;
0.0072493;0.499995;-9.9485;
0.0072503;0.499999;-9.95027;
0.0072513;0.499983;-9.95164;
0.0072523;0.499948;-9.95262;
0.0072533;0.499893;-9.9532;
0.0072543;0.499818;-9.95339;
0.0072553;0.499723;-9.95319;
0.0072563;0.499609;-9.95259;
0.0072573;0.499475;-9.95159;
0.0072583;0.499321;-9.95021;
0.0072593;0.499147;-9.94842;
0.0072603;0.498954;-9.94625;
0.0072613;0.498741;-9.94368;
0.0072623;0.498508;-9.94071;
0.0072633;0.498256;-9.93735;
0.0072643;0.497984;-9.9336;
0.0072653;0.497692;-9.92945;
0.0072663;0.497381;-9.92491;
0.0072673;0.49705;-9.91997;
0.0072683;0.496699;-9.91465;
0.0072693;0.496329;-9.90892;
0.0072703;0.495939;-9.90281;
0.0072713;0.49553;-9.8963;
0.0072723;0.495101;-9.8894;
0.0072733;0.494653;-9.88211;
0.0072743;0.494185;-9.87443;
0.0072753;0.493697;-9.86635;
0.0072763;0.49319;-9.85789;
0.0072773;0.492664;-9.84903;
0.0072783;0.492118;-9.83978;
0.0072793;0.491553;-9.83014;
0.0072803;0.490968;-9.82011;
0.0072813;0.490364;-9.8097;
0.0072823;0.48974;-9.79889;
0.0072833;0.489097;-9.78769;
0.0072843;0.488435;-9.77611;
0.0072853;0.487754;-9.76414;
0.0072863;0.487053;-9.75178;
0.0072873;0.486333;-9.73903;
0.0072883;0.485594;-9.7259;
0.0072893;0.484836;-9.71238;
0.0072903;0.484059;-9.69847;
0.0072913;0.483262;-9.68418;
0.0072923;0.482446;-9.66951;
0.0072933;0.481612;-9.65445;
0.0072943;0.480758;-9.63901;
0.0072953;0.479886;-9.62319;
0.0072963;0.478994;-9.60698;
0.0072973;0.478083;-9.5904;
0.0072983;0.477154;-9.57343;
0.0072993;0.476206;-9.55608;
0.0073003;0.475239;-9.53835;
0.0073013;0.474253;-9.52025;
0.0073023;0.473249;-9.50176;
0.0073033;0.472226;-9.4829;
0.0073043;0.471184;-9.46367;
0.0073053;0.470123;-9.44405;
0.0073063;0.469044;-9.42406;
0.0073073;0.467947;-9.4037;
0.0073083;0.466831;-9.38297;
0.0073093;0.465696;-9.36186;
0.0073103;0.464544;-9.34038;
0.0073113;0.463373;-9.31853;
0.0073123;0.462183;-9.29631;
0.0073133;0.460976;-9.27371;
0.0073143;0.45975;-9.25076;
0.0073153;0.458506;-9.22743;
0.0073163;0.457244;-9.20374;
0.0073173;0.455963;-9.17968;
0.0073183;0.454665;-9.15526;
0.0073193;0.453349;-9.13047;
0.0073203;0.452015;-9.10532;
0.0073213;0.450663;-9.07981;
0.0073223;0.449294;-9.05394;
0.0073233;0.447906;-9.02771;
0.0073243;0.446501;-9.00112;
0.0073253;0.445079;-8.97417;
0.0073263;0.443638;-8.94686;
0.0073273;0.442181;-8.91921;
0.0073283;0.440705;-8.89119;
0.0073293;0.439213;-8.86282;
0.0073303;0.437703;-8.8341;
0.0073313;0.436176;-8.80503;
0.0073323;0.434631;-8.77561;
0.0073333;0.433069;-8.74585;
0.0073343;0.431491;-8.71573;
0.0073353;0.429895;-8.68527;
0.0073363;0.428282;-8.65446;
0.0073373;0.426653;-8.62331;
0.0073383;0.425006;-8.59181;
0.0073393;0.423343;-8.55998;
0.0073403;0.421663;-8.5278;
0.0073413;0.419966;-8.49528;
0.0073423;0.418253;-8.46243;
0.0073433;0.416523;-8.42924;
0.0073443;0.414777;-8.39572;
0.0073453;0.413015;-8.36186;
0.0073463;0.411236;-8.32767;
0.0073473;0.409441;-8.29315;
0.0073483;0.40763;-8.2583;
0.0073493;0.405802;-8.22312;
0.0073503;0.403959;-8.18761;
0.0073513;0.4021;-8.15178;
0.0073523;0.400225;-8.11563;
0.0073533;0.398334;-8.07915;
0.0073543;0.396427;-8.04235;
0.0073553;0.394505;-8.00523;
0.0073563;0.392567;-7.9678;
0.0073573;0.390613;-7.93004;
0.0073583;0.388644;-7.89197;
0.0073593;0.38666;-7.85359;
0.0073603;0.384661;-7.8149;
0.0073613;0.382646;-7.77589;
0.0073623;0.380616;-7.73658;
0.0073633;0.378572;-7.69695;
0.0073643;0.376512;-7.65703;
0.0073653;0.374437;-7.61679;
0.0073663;0.372348;-7.57626;
0.0073673;0.370244;-7.53542;
0.0073683;0.368125;-7.49429;
0.0073693;0.365992;-7.45285;
0.0073703;0.363845;-7.41112;
0.0073713;0.361683;-7.3691;
0.0073723;0.359506;-7.32678;
0.0073733;0.357316;-7.28417;
0.0073743;0.355111;-7.24127;
0.0073753;0.352893;-7.19809;
0.0073763;0.35066;-7.15461;
0.0073773;0.348414;-7.11086;
0.0073783;0.346154;-7.06682;
0.0073793;0.34388;-7.0225;
0.0073803;0.341592;-6.9779;
0.0073813;0.339291;-6.93302;
0.0073823;0.336977;-6.88787;
0.0073833;0.33465;-6.84244;
0.0073843;0.332309;-6.79674;
0.0073853;0.329955;-6.75077;
0.0073863;0.327588;-6.70453;
0.0073873;0.325208;-6.65803;
0.0073883;0.322816;-6.61126;
0.0073893;0.32041;-6.56423;
0.0073903;0.317992;-6.51694;
0.0073913;0.315561;-6.46938;
0.0073923;0.313118;-6.42158;
0.0073933;0.310663;-6.37351;
0.0073943;0.308195;-6.32519;
0.0073953;0.305715;-6.27663;
0.0073963;0.303223;-6.22781;
0.0073973;0.300719;-6.17874;
0.0073983;0.298204;-6.12943;
0.0073993;0.295676;-6.07987;
0.0074003;0.293137;-6.03008;
0.0074013;0.290586;-5.98004;
0.0074023;0.288024;-5.92976;
0.0074033;0.28545;-5.87925;
0.0074043;0.282865;-5.82851;
0.0074053;0.280269;-5.77753;
0.0074063;0.277662;-5.72633;
0.0074073;0.275044;-5.6749;
0.0074083;0.272415;-5.62324;
0.0074093;0.269775;-5.57135;
0.0074103;0.267125;-5.51925;
0.0074113;0.264464;-5.46693;
0.0074123;0.261792;-5.41439;
0.0074133;0.259111;-5.36163;
0.0074143;0.256419;-5.30866;
0.0074153;0.253717;-5.25548;
0.0074163;0.251005;-5.20209;
0.0074173;0.248283;-5.1485;
0.0074183;0.245551;-5.0947;
0.0074193;0.242809;-5.0407;
0.0074203;0.240058;-4.98649;
0.0074213;0.237298;-4.93209;
0.0074223;0.234528;-4.87749;
0.0074233;0.231749;-4.8227;
0.0074243;0.22896;-4.76772;
0.0074253;0.226163;-4.71255;
0.0074263;0.223357;-4.65719;
0.0074273;0.220542;-4.60164;
0.0074283;0.217718;-4.54592;
0.0074293;0.214885;-4.49001;
0.0074303;0.212044;-4.43392;
0.0074313;0.209195;-4.37766;
0.0074323;0.206338;-4.32122;
0.0074333;0.203472;-4.26461;
0.0074343;0.200598;-4.20783;
0.0074353;0.197717;-4.15089;
0.0074363;0.194827;-4.09378;
0.0074373;0.19193;-4.03651;
0.0074383;0.189025;-3.97907;
0.0074393;0.186113;-3.92148;
0.0074403;0.183194;-3.86374;
0.0074413;0.180267;-3.80584;
0.0074423;0.177333;-3.74778;
0.0074433;0.174392;-3.68958;
0.0074443;0.171445;-3.63124;
0.0074453;0.16849;-3.57275;
0.0074463;0.165529;-3.51411;
0.0074473;0.162561;-3.45534;
0.0074483;0.159587;-3.39643;
0.0074493;0.156607;-3.33739;
0.0074503;0.15362;-3.27821;
0.0074513;0.150628;-3.21891;
0.0074523;0.147629;-3.15947;
0.0074533;0.144625;-3.09991;
0.0074543;0.141614;-3.04023;
0.0074553;0.138599;-2.98043;
0.0074563;0.135577;-2.92051;
0.0074573;0.132551;-2.86047;
0.0074583;0.129519;-2.80032;
0.0074593;0.126482;-2.74006;
0.0074603;0.12344;-2.67969;
0.0074613;0.120394;-2.61922;
0.0074623;0.117342;-2.55864;
0.0074633;0.114286;-2.49796;
0.0074643;0.111225;-2.43718;
0.0074653;0.10816;-2.37631;
0.0074663;0.105091;-2.31534;
0.0074673;0.102017;-2.25428;
0.0074683;0.0989399;-2.19313;
0.0074693;0.0958585;-2.1319;
0.0074703;0.0927733;-2.07058;
0.0074713;0.0896845;-2.00918;
0.0074723;0.0865921;-1.9477;
0.0074733;0.0834963;-1.88614;
0.0074743;0.0803972;-1.82451;
0.0074753;0.0772949;-1.76281;
0.0074763;0.0741896;-1.70104;
0.0074773;0.0710813;-1.6392;
0.0074783;0.0679702;-1.57729;
0.0074793;0.0648565;-1.51533;
0.0074803;0.0617402;-1.45331;
0.0074813;0.0586214;-1.39122;
0.0074823;0.0555004;-1.32909;
0.0074833;0.0523771;-1.2669;
0.0074843;0.0492518;-1.20466;
0.0074853;0.0461245;-1.14238;
0.0074863;0.0429954;-1.08005;
0.0074873;0.0398647;-1.01767;
0.0074883;0.0367323;-0.955258;
0.0074893;0.0335985;-0.892805;
0.0074903;0.0304634;-0.830316;
0.0074913;0.027327;-0.767793;
0.0074923;0.0241896;-0.705238;
0.0074933;0.0210512;-0.642653;
0.0074943;0.017912;-0.58004;
0.0074953;0.0147721;-0.517401;
0.0074963;0.0116316;-0.454739;
0.0074973;0.00849068;-0.392055;
0.0074983;0.00534939;-0.32935;
0.0074993;0.0022079;-0.266628;
0.0075003;-0.000933689;-0.20389;
0.0075013;-0.00407524;-0.141138;
0.0075023;-0.00721662;-0.0783742;
0.0075033;-0.0103577;-0.0156003;
0.0075043;-0.0134984;0.0471814;
0.0075053;-0.0166386;0.109969;
0.0075063;-0.0197781;0.172759;
0.0075073;-0.0229168;0.23555;
0.0075083;-0.0260546;0.29834;
0.0075093;-0.0291914;0.361125;
0.0075103;-0.0323271;0.423903;
0.0075113;-0.0354614;0.486672;
0.0075123;-0.0385944;0.549428;
0.0075133;-0.0417258;0.612169;
0.0075143;-0.0448556;0.674892;
0.0075153;-0.0479836;0.737593;
0.0075163;-0.0511097;0.80027;
0.0075173;-0.0542339;0.862921;
0.0075183;-0.0573558;0.925541;
0.0075193;-0.0604755;0.988128;
0.0075203;-0.0635928;1.05068;
0.0075213;-0.0667076;1.11319;
0.0075223;-0.0698198;1.17566;
0.0075233;-0.0729292;1.23809;
0.0075243;-0.0760358;1.30047;
0.0075253;-0.0791393;1.36279;
0.0075263;-0.0822397;1.42507;
0.0075273;-0.0853369;1.48729;
0.0075283;-0.0884307;1.54945;
0.0075293;-0.091521;1.61155;
0.0075303;-0.0946076;1.67359;
0.0075313;-0.0976906;1.73556;
0.0075323;-0.10077;1.79746;
0.0075333;-0.103845;1.85929;
0.0075343;-0.106916;1.92105;
0.0075353;-0.109983;1.98273;
0.0075363;-0.113045;2.04434;
0.0075373;-0.116103;2.10586;
0.0075383;-0.119156;2.1673;
0.0075393;-0.122205;2.22865;
0.0075403;-0.125249;2.28991;
0.0075413;-0.128288;2.35109;
0.0075423;-0.131322;2.41217;
0.0075433;-0.134351;2.47315;
0.0075443;-0.137374;2.53404;
0.0075453;-0.140392;2.59483;
0.0075463;-0.143404;2.65551;
0.0075473;-0.146411;2.71609;
0.0075483;-0.149412;2.77656;
0.0075493;-0.152407;2.83692;
0.0075503;-0.155396;2.89718;
0.0075513;-0.158379;2.95731;
0.0075523;-0.161356;3.01733;
0.0075533;-0.164326;3.07723;
0.0075543;-0.16729;3.13701;
0.0075553;-0.170247;3.19667;
0.0075563;-0.173198;3.2562;
0.0075573;-0.176141;3.3156;
0.0075583;-0.179078;3.37487;
0.0075593;-0.182008;3.43401;
0.0075603;-0.18493;3.49301;
0.0075613;-0.187845;3.55187;
0.0075623;-0.190753;3.6106;
0.0075633;-0.193653;3.66918;
0.0075643;-0.196546;3.72762;
0.0075653;-0.19943;3.78592;
0.0075663;-0.202307;3.84406;
0.0075673;-0.205176;3.90205;
0.0075683;-0.208037;3.95989;
0.0075693;-0.21089;4.01758;
0.0075703;-0.213734;4.0751;
0.0075713;-0.21657;4.13247;
0.0075723;-0.219397;4.18967;
0.0075733;-0.222216;4.24671;
0.0075743;-0.225026;4.30358;
0.0075753;-0.227827;4.36029;
0.0075763;-0.230619;4.41682;
0.0075773;-0.233402;4.47318;
0.0075783;-0.236175;4.52936;
0.0075793;-0.23894;4.58536;
0.0075803;-0.241695;4.64119;
0.0075813;-0.24444;4.69683;
0.0075823;-0.247176;4.75229;
0.0075833;-0.249902;4.80756;
0.0075843;-0.252618;4.86264;
0.0075853;-0.255324;4.91754;
0.0075863;-0.25802;4.97224;
0.0075873;-0.260706;5.02674;
0.0075883;-0.263381;5.08105;
0.0075893;-0.266047;5.13515;
0.0075903;-0.268701;5.18906;
0.0075913;-0.271345;5.24276;
0.0075923;-0.273979;5.29626;
0.0075933;-0.276601;5.34955;
0.0075943;-0.279213;5.40263;
0.0075953;-0.281813;5.45549;
0.0075963;-0.284403;5.50815;
0.0075973;-0.286981;5.56058;
0.0075983;-0.289548;5.6128;
0.0075993;-0.292104;5.6648;
0.0076003;-0.294647;5.71658;
0.0076013;-0.29718;5.76813;
0.0076023;-0.2997;5.81945;
0.0076033;-0.302209;5.87055;
0.0076043;-0.304706;5.92142;
0.0076053;-0.307191;5.97205;
0.0076063;-0.309663;6.02245;
0.0076073;-0.312124;6.07262;
0.0076083;-0.314572;6.12254;
0.0076093;-0.317008;6.17223;
0.0076103;-0.319431;6.22167;
0.0076113;-0.321841;6.27087;
0.0076123;-0.324239;6.31982;
0.0076133;-0.326624;6.36853;
0.0076143;-0.328997;6.41699;
0.0076153;-0.331356;6.46519;
0.0076163;-0.333702;6.51314;
0.0076173;-0.336035;6.56084;
0.0076183;-0.338354;6.60827;
0.0076193;-0.340661;6.65545;
0.0076203;-0.342954;6.70237;
0.0076213;-0.345233;6.74902;
0.0076223;-0.347499;6.79541;
0.0076233;-0.349751;6.84154;
0.0076243;-0.351989;6.88739;
0.0076253;-0.354213;6.93298;
0.0076263;-0.356423;6.97829;
0.0076273;-0.358619;7.02333;
0.0076283;-0.360802;7.06809;
0.0076293;-0.362969;7.11258;
0.0076303;-0.365123;7.15679;
0.0076313;-0.367262;7.20072;
0.0076323;-0.369386;7.24436;
0.0076333;-0.371496;7.28772;
0.0076343;-0.373592;7.3308;
0.0076353;-0.375672;7.37358;
0.0076363;-0.377738;7.41608;
0.0076373;-0.379789;7.45829;
0.0076383;-0.381825;7.5002;
0.0076393;-0.383845;7.54182;
0.0076403;-0.385851;7.58315;
0.0076413;-0.387841;7.62418;
0.0076423;-0.389817;7.6649;
0.0076433;-0.391776;7.70533;
0.0076443;-0.39372;7.74546;
0.0076453;-0.395649;7.78528;
0.0076463;-0.397562;7.8248;
0.0076473;-0.399459;7.86401;
0.0076483;-0.401341;7.90291;
0.0076493;-0.403207;7.9415;
0.0076503;-0.405057;7.97978;
0.0076513;-0.40689;8.01774;
0.0076523;-0.408708;8.0554;
0.0076533;-0.41051;8.09273;
0.0076543;-0.412295;8.12975;
0.0076553;-0.414064;8.16645;
0.0076563;-0.415817;8.20283;
0.0076573;-0.417554;8.23889;
0.0076583;-0.419273;8.27463;
0.0076593;-0.420977;8.31004;
0.0076603;-0.422664;8.34512;
0.0076613;-0.424334;8.37988;
0.0076623;-0.425987;8.41431;
0.0076633;-0.427623;8.44841;
0.0076643;-0.429243;8.48217;
0.0076653;-0.430846;8.51561;
0.0076663;-0.432431;8.54871;
0.0076673;-0.434;8.58147;
0.0076683;-0.435551;8.6139;
0.0076693;-0.437085;8.64599;
0.0076703;-0.438602;8.67775;
0.0076713;-0.440102;8.70916;
0.0076723;-0.441584;8.74023;
0.0076733;-0.443049;8.77095;
0.0076743;-0.444497;8.80134;
0.0076753;-0.445926;8.83137;
0.0076763;-0.447339;8.86107;
0.0076773;-0.448733;8.89041;
0.0076783;-0.45011;8.9194;
0.0076793;-0.451469;8.94805;
0.0076803;-0.45281;8.97634;
0.0076813;-0.454134;9.00429;
0.0076823;-0.455439;9.03187;
0.0076833;-0.456727;9.05911;
0.0076843;-0.457996;9.08599;
0.0076853;-0.459247;9.11251;
0.0076863;-0.460481;9.13868;
0.0076873;-0.461696;9.16448;
0.0076883;-0.462892;9.18993;
0.0076893;-0.464071;9.21502;
0.0076903;-0.465231;9.23974;
0.0076913;-0.466373;9.2641;
0.0076923;-0.467496;9.2881;
0.0076933;-0.468601;9.31174;
0.0076943;-0.469688;9.33501;
0.0076953;-0.470756;9.35791;
0.0076963;-0.471805;9.38045;
0.0076973;-0.472836;9.40261;
0.0076983;-0.473848;9.42441;
0.0076993;-0.474841;9.44584;
0.0077003;-0.475816;9.4669;
0.0077013;-0.476772;9.48759;
0.0077023;-0.477709;9.5079;
0.0077033;-0.478627;9.52784;
0.0077043;-0.479526;9.54741;
0.0077053;-0.480406;9.5666;
0.0077063;-0.481268;9.58542;
0.0077073;-0.48211;9.60386;
0.0077083;-0.482934;9.62192;
0.0077093;-0.483738;9.63961;
0.0077103;-0.484523;9.65692;
0.0077113;-0.485289;9.67385;
0.0077123;-0.486036;9.6904;
0.0077133;-0.486764;9.70656;
0.0077143;-0.487472;9.72235;
0.0077153;-0.488161;9.73776;
0.0077163;-0.488831;9.75278;
0.0077173;-0.489482;9.76742;
0.0077183;-0.490113;9.78168;
0.0077193;-0.490725;9.79555;
0.0077203;-0.491318;9.80904;
0.0077213;-0.491891;9.82215;
0.0077223;-0.492445;9.83487;
0.0077233;-0.492979;9.8472;
0.0077243;-0.493494;9.85914;
0.0077253;-0.493989;9.8707;
0.0077263;-0.494465;9.88187;
0.0077273;-0.494922;9.89265;
0.0077283;-0.495359;9.90305;
0.0077293;-0.495776;9.91305;
0.0077303;-0.496174;9.92267;
0.0077313;-0.496552;9.93189;
0.0077323;-0.49691;9.94073;
0.0077333;-0.497249;9.94918;
0.0077343;-0.497568;9.95723;
0.0077353;-0.497868;9.96489;
0.0077363;-0.498148;9.97217;
0.0077373;-0.498408;9.97905;
0.0077383;-0.498649;9.98553;
0.0077393;-0.49887;9.99163;
0.0077403;-0.499071;9.99733;
0.0077413;-0.499253;10.0026;
0.0077423;-0.499415;10.0076;
0.0077433;-0.499557;10.0121;
0.0077443;-0.499679;10.0162;
0.0077453;-0.499782;10.02;
0.0077463;-0.499865;10.0233;
0.0077473;-0.499928;10.0262;
0.0077483;-0.499971;10.0288;
0.0077493;-0.499995;10.031;
0.0077503;-0.499999;10.0327;
0.0077513;-0.499983;10.0341;
0.0077523;-0.499948;10.0351;
0.0077533;-0.499893;10.0357;
0.0077543;-0.499818;10.0359;
0.0077553;-0.499723;10.0357;
0.0077563;-0.499609;10.0351;
0.0077573;-0.499475;10.0341;
0.0077583;-0.499321;10.0327;
0.0077593;-0.499147;10.0309;
0.0077603;-0.498954;10.0287;
0.0077613;-0.498741;10.0261;
0.0077623;-0.498508;10.0232;
0.0077633;-0.498256;10.0198;
0.0077643;-0.497984;10.0161;
0.0077653;-0.497692;10.0119;
0.0077663;-0.497381;10.0074;
0.0077673;-0.49705;10.0024;
0.0077683;-0.496699;9.99711;
0.0077693;-0.496329;9.99139;
0.0077703;-0.495939;9.98528;
0.0077713;-0.49553;9.97877;
0.0077723;-0.495101;9.97187;
0.0077733;-0.494653;9.96458;
0.0077743;-0.494185;9.9569;
0.0077753;-0.493697;9.94882;
0.0077763;-0.49319;9.94035;
0.0077773;-0.492664;9.9315;
0.0077783;-0.492118;9.92225;
0.0077793;-0.491553;9.91261;
0.0077803;-0.490968;9.90258;
0.0077813;-0.490364;9.89216;
0.0077823;-0.48974;9.88136;
0.0077833;-0.489097;9.87016;
0.0077843;-0.488435;9.85857;
0.0077853;-0.487754;9.8466;
0.0077863;-0.487053;9.83424;
0.0077873;-0.486333;9.8215;
0.0077883;-0.485594;9.80836;
0.0077893;-0.484836;9.79484;
0.0077903;-0.484059;9.78094;
0.0077913;-0.483262;9.76665;
0.0077923;-0.482446;9.75198;
0.0077933;-0.481612;9.73692;
0.0077943;-0.480758;9.72148;
0.0077953;-0.479886;9.70565;
0.0077963;-0.478994;9.68945;
0.0077973;-0.478083;9.67286;
0.0077983;-0.477154;9.65589;
0.0077993;-0.476206;9.63855;
0.0078003;-0.475239;9.62082;
0.0078013;-0.474253;9.60271;
0.0078023;-0.473249;9.58423;
0.0078033;-0.472226;9.56537;
0.0078043;-0.471184;9.54613;
0.0078053;-0.470123;9.52652;
0.0078063;-0.469044;9.50653;
0.0078073;-0.467947;9.48617;
0.0078083;-0.466831;9.46543;
0.0078093;-0.465696;9.44432;
0.0078103;-0.464544;9.42284;
0.0078113;-0.463373;9.40099;
0.0078123;-0.462183;9.37877;
0.0078133;-0.460976;9.35618;
0.0078143;-0.45975;9.33322;
0.0078153;-0.458506;9.30989;
0.0078163;-0.457244;9.2862;
0.0078173;-0.455963;9.26214;
0.0078183;-0.454665;9.23772;
0.0078193;-0.453349;9.21293;
0.0078203;-0.452015;9.18779;
0.0078213;-0.450663;9.16227;
0.0078223;-0.449294;9.1364;
0.0078233;-0.447906;9.11017;
0.0078243;-0.446501;9.08358;
0.0078253;-0.445079;9.05663;
0.0078263;-0.443638;9.02933;
0.0078273;-0.442181;9.00167;
0.0078283;-0.440705;8.97366;
0.0078293;-0.439213;8.94529;
0.0078303;-0.437703;8.91657;
0.0078313;-0.436176;8.8875;
0.0078323;-0.434631;8.85808;
0.0078333;-0.433069;8.82831;
0.0078343;-0.431491;8.79819;
0.0078353;-0.429895;8.76773;
0.0078363;-0.428282;8.73692;
0.0078373;-0.426653;8.70577;
0.0078383;-0.425006;8.67428;
0.0078393;-0.423343;8.64244;
0.0078403;-0.421663;8.61026;
0.0078413;-0.419966;8.57775;
0.0078423;-0.418253;8.5449;
0.0078433;-0.416523;8.51171;
0.0078443;-0.414777;8.47818;
0.0078453;-0.413015;8.44432;
0.0078463;-0.411236;8.41013;
0.0078473;-0.409441;8.37561;
0.0078483;-0.40763;8.34076;
0.0078493;-0.405802;8.30558;
0.0078503;-0.403959;8.27008;
0.0078513;-0.4021;8.23425;
0.0078523;-0.400225;8.19809;
0.0078533;-0.398334;8.16161;
0.0078543;-0.396427;8.12481;
0.0078553;-0.394505;8.0877;
0.0078563;-0.392567;8.05026;
0.0078573;-0.390613;8.0125;
0.0078583;-0.388644;7.97444;
0.0078593;-0.38666;7.93605;
0.0078603;-0.384661;7.89736;
0.0078613;-0.382646;7.85835;
0.0078623;-0.380616;7.81904;
0.0078633;-0.378572;7.77942;
0.0078643;-0.376512;7.73949;
0.0078653;-0.374437;7.69926;
0.0078663;-0.372348;7.65872;
0.0078673;-0.370244;7.61788;
0.0078683;-0.368125;7.57675;
0.0078693;-0.365992;7.53531;
0.0078703;-0.363845;7.49358;
0.0078713;-0.361683;7.45156;
0.0078723;-0.359506;7.40924;
0.0078733;-0.357316;7.36663;
0.0078743;-0.355111;7.32373;
0.0078753;-0.352893;7.28055;
0.0078763;-0.35066;7.23707;
0.0078773;-0.348414;7.19332;
0.0078783;-0.346154;7.14928;
0.0078793;-0.34388;7.10496;
0.0078803;-0.341592;7.06036;
0.0078813;-0.339291;7.01548;
0.0078823;-0.336977;6.97033;
0.0078833;-0.33465;6.9249;
0.0078843;-0.332309;6.8792;
0.0078853;-0.329955;6.83323;
0.0078863;-0.327588;6.78699;
0.0078873;-0.325208;6.74049;
0.0078883;-0.322816;6.69372;
0.0078893;-0.32041;6.64669;
0.0078903;-0.317992;6.5994;
0.0078913;-0.315561;6.55184;
0.0078923;-0.313118;6.50404;
0.0078933;-0.310663;6.45597;
0.0078943;-0.308195;6.40765;
0.0078953;-0.305715;6.35908;
0.0078963;-0.303223;6.31027;
0.0078973;-0.300719;6.2612;
0.0078983;-0.298204;6.21189;
0.0078993;-0.295676;6.16233;
0.0079003;-0.293137;6.11253;
0.0079013;-0.290586;6.0625;
0.0079023;-0.288024;6.01222;
0.0079033;-0.28545;5.96171;
0.0079043;-0.282865;5.91097;
0.0079053;-0.280269;5.85999;
0.0079063;-0.277662;5.80879;
0.0079073;-0.275044;5.75735;
0.0079083;-0.272415;5.70569;
0.0079093;-0.269775;5.65381;
0.0079103;-0.267125;5.60171;
0.0079113;-0.264464;5.54938;
0.0079123;-0.261792;5.49684;
0.0079133;-0.259111;5.44409;
0.0079143;-0.256419;5.39112;
0.0079153;-0.253717;5.33794;
0.0079163;-0.251005;5.28455;
0.0079173;-0.248283;5.23095;
0.0079183;-0.245551;5.17715;
0.0079193;-0.242809;5.12315;
0.0079203;-0.240058;5.06895;
0.0079213;-0.237298;5.01454;
0.0079223;-0.234528;4.95995;
0.0079233;-0.231749;4.90516;
0.0079243;-0.22896;4.85017;
0.0079253;-0.226163;4.795;
0.0079263;-0.223357;4.73964;
0.0079273;-0.220542;4.68409;
0.0079283;-0.217718;4.62837;
0.0079293;-0.214885;4.57246;
0.0079303;-0.212044;4.51637;
0.0079313;-0.209195;4.46011;
0.0079323;-0.206338;4.40367;
0.0079333;-0.203472;4.34706;
0.0079343;-0.200598;4.29028;
0.0079353;-0.197717;4.23334;
0.0079363;-0.194827;4.17623;
0.0079373;-0.19193;4.11895;
0.0079383;-0.189025;4.06152;
0.0079393;-0.186113;4.00393;
0.0079403;-0.183194;3.94618;
0.0079413;-0.180267;3.88828;
0.0079423;-0.177333;3.83023;
0.0079433;-0.174392;3.77203;
0.0079443;-0.171445;3.71368;
0.0079453;-0.16849;3.65519;
0.0079463;-0.165529;3.59656;
0.0079473;-0.162561;3.53778;
0.0079483;-0.159587;3.47887;
0.0079493;-0.156607;3.41983;
0.0079503;-0.15362;3.36065;
0.0079513;-0.150628;3.30135;
0.0079523;-0.147629;3.24191;
0.0079533;-0.144625;3.18235;
0.0079543;-0.141614;3.12267;
0.0079553;-0.138599;3.06286;
0.0079563;-0.135577;3.00294;
0.0079573;-0.132551;2.94291;
0.0079583;-0.129519;2.88275;
0.0079593;-0.126482;2.82249;
0.0079603;-0.12344;2.76212;
0.0079613;-0.120394;2.70165;
0.0079623;-0.117342;2.64107;
0.0079633;-0.114286;2.58039;
0.0079643;-0.111225;2.51961;
0.0079653;-0.10816;2.45873;
0.0079663;-0.105091;2.39776;
0.0079673;-0.102017;2.3367;
0.0079683;-0.0989399;2.27555;
0.0079693;-0.0958585;2.21431;
0.0079703;-0.0927733;2.15299;
0.0079713;-0.0896845;2.09159;
0.0079723;-0.0865921;2.03011;
0.0079733;-0.0834963;1.96855;
0.0079743;-0.0803972;1.90692;
0.0079753;-0.0772949;1.84521;
0.0079763;-0.0741896;1.78344;
0.0079773;-0.0710813;1.7216;
0.0079783;-0.0679702;1.6597;
0.0079793;-0.0648565;1.59773;
0.0079803;-0.0617402;1.5357;
0.0079813;-0.0586214;1.47362;
0.0079823;-0.0555004;1.41148;
0.0079833;-0.0523771;1.34929;
0.0079843;-0.0492518;1.28705;
0.0079853;-0.0461245;1.22477;
0.0079863;-0.0429954;1.16243;
0.0079873;-0.0398647;1.10006;
0.0079883;-0.0367323;1.03765;
0.0079893;-0.0335985;0.975192;
0.0079903;-0.0304634;0.912703;
0.0079913;-0.027327;0.85018;
0.0079923;-0.0241896;0.787626;
0.0079933;-0.0210512;0.725042;
0.0079943;-0.017912;0.662431;
0.0079953;-0.0147721;0.599795;
0.0079963;-0.0116316;0.537135;
0.0079973;-0.00849068;0.474454;
0.0079983;-0.00534939;0.411754;
0.0079993;-0.0022079;0.349037;
0.008;-9.79717e-16;0.30495;
