time;V(Net-_R7-Pad2_);V(Net-_U1-+_);
0.0100016;0.00406852;0.000565611;
0.0100116;0.00628526;0.000848191;
0.0100216;0.00849353;0.00113004;
0.0100316;0.0106846;0.00141055;
0.0100416;0.0128499;0.00168909;
0.0100516;0.0149808;0.00196506;
0.0100616;0.0170689;0.00223786;
0.0100716;0.019106;0.00250691;
0.0100816;0.021084;0.00277162;
0.0100916;0.0229952;0.00303146;
0.0101016;0.0248319;0.00328587;
0.0101116;0.026587;0.00353436;
0.0101216;0.0282535;0.00377642;
0.0101316;0.0298248;0.00401159;
0.0101416;0.0312948;0.00423944;
0.0101516;0.0326576;0.00445956;
0.0101616;0.0339079;0.00467155;
0.0101716;0.0350406;0.00487509;
0.0101816;0.0360515;0.00506984;
0.0101916;0.0369364;0.00525553;
0.0102016;0.0376918;0.00543192;
0.0102116;0.0383149;0.00559879;
0.0102216;0.0388031;0.00575598;
0.0102316;0.0391544;0.00590335;
0.0102416;0.0393676;0.0060408;
0.0102516;0.0394418;0.00616828;
0.0102616;0.0393767;0.00628578;
0.0102716;0.0391724;0.0063933;
0.0102816;0.03883;0.00649091;
0.0102916;0.0383506;0.00657871;
0.0103016;0.0377362;0.00665684;
0.0103116;0.0369893;0.00672546;
0.0103216;0.0361127;0.0067848;
0.0103316;0.0351099;0.0068351;
0.0103416;0.0339849;0.00687663;
0.0103516;0.0327421;0.00690972;
0.0103616;0.0313864;0.00693472;
0.0103716;0.0299232;0.006952;
0.0103816;0.0283583;0.00696197;
0.0103916;0.0266978;0.00696508;
0.0104016;0.0249482;0.00696178;
0.0104116;0.0231166;0.00695257;
0.0104216;0.02121;0.00693796;
0.0104316;0.0192361;0.00691848;
0.0104416;0.0172026;0.00689467;
0.0104516;0.0151176;0.00686711;
0.0104616;0.0129892;0.00683638;
0.0104716;0.0108259;0.00680307;
0.0104816;0.00863624;0.00676777;
0.0104916;0.00642883;0.00673111;
0.0105016;0.00421238;0.00669369;
0.0105116;0.00199566;0.00665612;
0.0105216;-0.0002126;0.00661902;
0.0105316;-0.00240368;0.00658301;
0.0105416;-0.00456893;0.00654868;
0.0105516;-0.00669981;0.00651665;
0.0105616;-0.00878791;0.00648749;
0.0105716;-0.010825;0.00646178;
0.0105816;-0.012803;0.00644009;
0.0105916;-0.0147141;0.00642296;
0.0106016;-0.0165509;0.00641091;
0.0106116;-0.0183059;0.00640445;
0.0106216;-0.0199724;0.00640406;
0.0106316;-0.0215437;0.0064102;
0.0106416;-0.0230137;0.0064233;
0.0106516;-0.0243765;0.00644375;
0.0106616;-0.0256267;0.00647193;
0.0106716;-0.0267595;0.00650817;
0.0106816;-0.0277703;0.00655279;
0.0106916;-0.0286552;0.00660605;
0.0107016;-0.0294107;0.00666818;
0.0107116;-0.0300337;0.00673939;
0.0107216;-0.0305219;0.00681984;
0.0107316;-0.0308732;0.00690966;
0.0107416;-0.0310864;0.00700893;
0.0107516;-0.0311606;0.00711769;
0.0107616;-0.0310954;0.00723596;
0.0107716;-0.0308912;0.00736371;
0.0107816;-0.0305487;0.00750086;
0.0107916;-0.0300693;0.00764732;
0.0108016;-0.0294549;0.00780293;
0.0108116;-0.0287079;0.0079675;
0.0108216;-0.0278313;0.00814083;
0.0108316;-0.0268285;0.00832266;
0.0108416;-0.0257035;0.00851268;
0.0108516;-0.0244607;0.00871059;
0.0108616;-0.023105;0.00891601;
0.0108716;-0.0216418;0.00912856;
0.0108816;-0.0200769;0.00934783;
0.0108916;-0.0184163;0.00957336;
0.0109016;-0.0166668;0.00980468;
0.0109116;-0.0148351;0.0100413;
0.0109216;-0.0129285;0.0102827;
0.0109316;-0.0109546;0.0105283;
0.0109416;-0.00892111;0.0107776;
0.0109516;-0.00683606;0.01103;
0.0109616;-0.00470768;0.0112849;
0.0109716;-0.00254438;0.0115417;
0.0109816;-0.000354704;0.0117998;
0.0109916;0.00185272;0.0120586;
0.0110016;0.00406917;0.0123174;
0.0110116;0.00628591;0.0125757;
0.0110216;0.00849418;0.0128328;
0.0110316;0.0106853;0.013088;
0.0110416;0.0128505;0.0133409;
0.0110516;0.0149814;0.0135907;
0.0110616;0.0170695;0.0138369;
0.0110716;0.0191066;0.0140789;
0.0110816;0.0210846;0.0143161;
0.0110916;0.0229958;0.0145479;
0.0111016;0.0248325;0.0147739;
0.0111116;0.0265876;0.0149935;
0.0111216;0.0282541;0.0152062;
0.0111316;0.0298255;0.0154116;
0.0111416;0.0312954;0.0156092;
0.0111516;0.0326582;0.0157986;
0.0111616;0.0339085;0.0159795;
0.0111716;0.0350413;0.0161514;
0.0111816;0.0360521;0.0163141;
0.0111916;0.036937;0.0164673;
0.0112016;0.0376924;0.0166108;
0.0112116;0.0383155;0.0167443;
0.0112216;0.0388037;0.0168677;
0.0112316;0.039155;0.0169808;
0.0112416;0.0393682;0.0170836;
0.0112516;0.0394424;0.017176;
0.0112616;0.0393772;0.0172579;
0.0112716;0.039173;0.0173295;
0.0112816;0.0388306;0.0173907;
0.0112916;0.0383512;0.0174416;
0.0113016;0.0377368;0.0174825;
0.0113116;0.0369899;0.0175134;
0.0113216;0.0361132;0.0175346;
0.0113316;0.0351105;0.0175464;
0.0113416;0.0339854;0.0175489;
0.0113516;0.0327427;0.0175426;
0.0113616;0.031387;0.0175278;
0.0113716;0.0299238;0.0175049;
0.0113816;0.0283588;0.0174742;
0.0113916;0.0266983;0.0174362;
0.0114016;0.0249488;0.0173915;
0.0114116;0.0231171;0.0173404;
0.0114216;0.0212106;0.0172835;
0.0114316;0.0192366;0.0172213;
0.0114416;0.0172031;0.0171544;
0.0114516;0.0151181;0.0170833;
0.0114616;0.0129897;0.0170086;
0.0114716;0.0108264;0.016931;
0.0114816;0.00863678;0.016851;
0.0114916;0.00642936;0.0167692;
0.0115016;0.00421292;0.0166863;
0.0115116;0.00199619;0.0166028;
0.0115216;-0.000212074;0.0165194;
0.0115316;-0.00240316;0.0164367;
0.0115416;-0.00456841;0.0163553;
0.0115516;-0.0066993;0.0162758;
0.0115616;-0.0087874;0.0161987;
0.0115716;-0.0108245;0.0161248;
0.0115816;-0.0128025;0.0160545;
0.0115916;-0.0147136;0.0159883;
0.0116016;-0.0165504;0.0159269;
0.0116116;-0.0183054;0.0158707;
0.0116216;-0.0199719;0.0158202;
0.0116316;-0.0215433;0.0157758;
0.0116416;-0.0230132;0.0157381;
0.0116516;-0.024376;0.0157073;
0.0116616;-0.0256263;0.0156838;
0.0116716;-0.026759;0.0156681;
0.0116816;-0.0277699;0.0156604;
0.0116916;-0.0286547;0.015661;
0.0117016;-0.0294102;0.0156701;
0.0117116;-0.0300332;0.0156879;
0.0117216;-0.0305214;0.0157146;
0.0117316;-0.0308728;0.0157503;
0.0117416;-0.0310859;0.0157951;
0.0117516;-0.0311601;0.0158491;
0.0117616;-0.0310949;0.0159122;
0.0117716;-0.0308907;0.0159845;
0.0117816;-0.0305483;0.0160658;
0.0117916;-0.0300689;0.0161561;
0.0118016;-0.0294545;0.0162552;
0.0118116;-0.0287075;0.0163629;
0.0118216;-0.0278309;0.0164791;
0.0118316;-0.0268281;0.0166034;
0.0118416;-0.0257031;0.0167356;
0.0118516;-0.0244603;0.0168754;
0.0118616;-0.0231046;0.0170223;
0.0118716;-0.0216414;0.0171761;
0.0118816;-0.0200765;0.0173362;
0.0118916;-0.0184159;0.0175023;
0.0119016;-0.0166664;0.0176739;
0.0119116;-0.0148347;0.0178505;
0.0119216;-0.0129281;0.0180315;
0.0119316;-0.0109542;0.0182165;
0.0119416;-0.00892072;0.0184048;
0.0119516;-0.00683567;0.0185959;
0.0119616;-0.0047073;0.0187893;
0.0119716;-0.00254401;0.0189842;
0.0119816;-0.000354333;0.0191802;
0.0119916;0.00185309;0.0193765;
0.0120016;0.00406954;0.0195726;
0.0120116;0.00628627;0.0197679;
0.0120216;0.00849454;0.0199616;
0.0120316;0.0106856;0.0201533;
0.0120416;0.0128509;0.0203423;
0.0120516;0.0149818;0.020528;
0.0120616;0.0170699;0.0207098;
0.0120716;0.019107;0.020887;
0.0120816;0.021085;0.0210593;
0.0120916;0.0229961;0.0212259;
0.0121016;0.0248329;0.0213864;
0.0121116;0.0265879;0.0215402;
0.0121216;0.0282544;0.021687;
0.0121316;0.0298258;0.0218261;
0.0121416;0.0312957;0.0219572;
0.0121516;0.0326585;0.0220798;
0.0121616;0.0339088;0.0221937;
0.0121716;0.0350416;0.0222984;
0.0121816;0.0360524;0.0223936;
0.0121916;0.0369373;0.022479;
0.0122016;0.0376927;0.0225545;
0.0122116;0.0383158;0.0226198;
0.0122216;0.0388039;0.0226748;
0.0122316;0.0391553;0.0227192;
0.0122416;0.0393685;0.0227531;
0.0122516;0.0394427;0.0227764;
0.0122616;0.0393775;0.022789;
0.0122716;0.0391733;0.0227909;
0.0122816;0.0388308;0.0227824;
0.0122916;0.0383514;0.0227633;
0.0123016;0.0377371;0.022734;
0.0123116;0.0369901;0.0226945;
0.0123216;0.0361135;0.0226451;
0.0123316;0.0351107;0.022586;
0.0123416;0.0339857;0.0225176;
0.0123516;0.0327429;0.0224401;
0.0123616;0.0313872;0.0223538;
0.0123716;0.029924;0.0222593;
0.0123816;0.0283591;0.0221568;
0.0123916;0.0266985;0.0220469;
0.0124016;0.024949;0.02193;
0.0124116;0.0231173;0.0218066;
0.0124216;0.0212108;0.0216772;
0.0124316;0.0192368;0.0215423;
0.0124416;0.0172033;0.0214025;
0.0124516;0.0151183;0.0212584;
0.0124616;0.0129899;0.0211106;
0.0124716;0.0108266;0.0209596;
0.0124816;0.00863694;0.0208061;
0.0124916;0.00642952;0.0206506;
0.0125016;0.00421307;0.0204939;
0.0125116;0.00199634;0.0203365;
0.0125216;-0.000211927;0.0201789;
0.0125316;-0.00240301;0.020022;
0.0125416;-0.00456827;0.0198662;
0.0125516;-0.00669916;0.0197121;
0.0125616;-0.00878727;0.0195604;
0.0125716;-0.0108243;0.0194117;
0.0125816;-0.0128024;0.0192665;
0.0125916;-0.0147135;0.0191253;
0.0126016;-0.0165503;0.0189887;
0.0126116;-0.0183053;0.0188571;
0.0126216;-0.0199718;0.0187312;
0.0126316;-0.0215432;0.0186113;
0.0126416;-0.0230131;0.0184979;
0.0126516;-0.0243759;0.0183913;
0.0126616;-0.0256262;0.018292;
0.0126716;-0.0267589;0.0182004;
0.0126816;-0.0277698;0.0181166;
0.0126916;-0.0286547;0.018041;
0.0127016;-0.0294101;0.0179738;
0.0127116;-0.0300332;0.0179153;
0.0127216;-0.0305213;0.0178655;
0.0127316;-0.0308727;0.0178247;
0.0127416;-0.0310859;0.0177929;
0.0127516;-0.0311601;0.0177702;
0.0127616;-0.0310949;0.0177566;
0.0127716;-0.0308907;0.017752;
0.0127816;-0.0305482;0.0177564;
0.0127916;-0.0300688;0.0177698;
0.0128016;-0.0294545;0.0177918;
0.0128116;-0.0287075;0.0178225;
0.0128216;-0.0278309;0.0178615;
0.0128316;-0.0268281;0.0179086;
0.0128416;-0.0257031;0.0179636;
0.0128516;-0.0244603;0.018026;
0.0128616;-0.0231046;0.0180956;
0.0128716;-0.0216414;0.018172;
0.0128816;-0.0200765;0.0182547;
0.0128916;-0.0184159;0.0183434;
0.0129016;-0.0166664;0.0184375;
0.0129116;-0.0148347;0.0185365;
0.0129216;-0.0129282;0.01864;
0.0129316;-0.0109543;0.0187473;
0.0129416;-0.00892076;0.0188581;
0.0129516;-0.00683572;0.0189716;
0.0129616;-0.00470735;0.0190873;
0.0129716;-0.00254406;0.0192046;
0.0129816;-0.000354389;0.0193229;
0.0129916;0.00185303;0.0194415;
0.0130016;0.00406947;0.01956;
0.0130116;0.0062862;0.0196776;
0.0130216;0.00849446;0.0197937;
0.0130316;0.0106855;0.0199077;
0.0130416;0.0128508;0.020019;
0.0130516;0.0149817;0.0201271;
0.0130616;0.0170698;0.0202312;
0.0130716;0.0191069;0.0203309;
0.0130816;0.0210849;0.0204256;
0.0130916;0.022996;0.0205147;
0.0131016;0.0248328;0.0205976;
0.0131116;0.0265878;0.020674;
0.0131216;0.0282543;0.0207433;
0.0131316;0.0298256;0.020805;
0.0131416;0.0312956;0.0208587;
0.0131516;0.0326584;0.020904;
0.0131616;0.0339086;0.0209406;
0.0131716;0.0350414;0.020968;
0.0131816;0.0360522;0.020986;
0.0131916;0.0369371;0.0209944;
0.0132016;0.0376926;0.0209928;
0.0132116;0.0383156;0.0209811;
0.0132216;0.0388038;0.0209591;
0.0132316;0.0391551;0.0209267;
0.0132416;0.0393683;0.0208837;
0.0132516;0.0394425;0.0208302;
0.0132616;0.0393773;0.0207662;
0.0132716;0.0391731;0.0206916;
0.0132816;0.0388306;0.0206065;
0.0132916;0.0383513;0.0205111;
0.0133016;0.0377369;0.0204054;
0.0133116;0.0369899;0.0202897;
0.0133216;0.0361133;0.0201642;
0.0133316;0.0351105;0.0200291;
0.0133416;0.0339855;0.0198847;
0.0133516;0.0327427;0.0197313;
0.0133616;0.031387;0.0195694;
0.0133716;0.0299238;0.0193992;
0.0133816;0.0283588;0.0192213;
0.0133916;0.0266983;0.019036;
0.0134016;0.0249487;0.0188438;
0.0134116;0.0231171;0.0186452;
0.0134216;0.0212105;0.0184408;
0.0134316;0.0192366;0.018231;
0.0134416;0.0172031;0.0180165;
0.0134516;0.015118;0.0177978;
0.0134616;0.0129896;0.0175754;
0.0134716;0.0108263;0.0173501;
0.0134816;0.00863667;0.0171224;
0.0134916;0.00642925;0.0168929;
0.0135016;0.00421279;0.0166622;
0.0135116;0.00199606;0.016431;
0.0135216;-0.000212215;0.0161999;
0.0135316;-0.00240331;0.0159695;
0.0135416;-0.00456857;0.0157404;
0.0135516;-0.00669946;0.0155132;
0.0135616;-0.00878757;0.0152886;
0.0135716;-0.0108247;0.015067;
0.0135816;-0.0128027;0.0148492;
0.0135916;-0.0147138;0.0146355;
0.0136016;-0.0165506;0.0144266;
0.0136116;-0.0183057;0.014223;
0.0136216;-0.0199722;0.0140252;
0.0136316;-0.0215435;0.0138336;
0.0136416;-0.0230135;0.0136486;
0.0136516;-0.0243763;0.0134707;
0.0136616;-0.0256265;0.0133003;
0.0136716;-0.0267593;0.0131376;
0.0136816;-0.0277701;0.0129831;
0.0136916;-0.028655;0.012837;
0.0137016;-0.0294105;0.0126995;
0.0137116;-0.0300335;0.0125708;
0.0137216;-0.0305217;0.0124511;
0.0137316;-0.0308731;0.0123406;
0.0137416;-0.0310863;0.0122393;
0.0137516;-0.0311604;0.0121473;
0.0137616;-0.0310953;0.0120646;
0.0137716;-0.0308911;0.0119912;
0.0137816;-0.0305486;0.0119271;
0.0137916;-0.0300692;0.011872;
0.0138016;-0.0294549;0.011826;
0.0138116;-0.0287079;0.0117887;
0.0138216;-0.0278313;0.0117601;
0.0138316;-0.0268285;0.0117398;
0.0138416;-0.0257035;0.0117275;
0.0138516;-0.0244607;0.0117231;
0.0138616;-0.023105;0.011726;
0.0138716;-0.0216418;0.0117359;
0.0138816;-0.0200769;0.0117525;
0.0138916;-0.0184164;0.0117752;
0.0139016;-0.0166668;0.0118036;
0.0139116;-0.0148352;0.0118372;
0.0139216;-0.0129286;0.0118756;
0.0139316;-0.0109547;0.0119181;
0.0139416;-0.00892121;0.0119642;
0.0139516;-0.00683617;0.0120134;
0.0139616;-0.0047078;0.012065;
0.0139716;-0.00254452;0.0121185;
0.0139816;-0.000354851;0.0121733;
0.0139916;0.00185256;0.0122288;
0.0140016;0.004069;0.0122843;
0.0140116;0.00628573;0.0123393;
0.0140216;0.00849399;0.012393;
0.0140316;0.0106851;0.012445;
0.0140416;0.0128503;0.0124946;
0.0140516;0.0149812;0.0125412;
0.0140616;0.0170693;0.0125841;
0.0140716;0.0191064;0.012623;
0.0140816;0.0210844;0.0126571;
0.0140916;0.0229955;0.0126859;
0.0141016;0.0248323;0.0127089;
0.0141116;0.0265873;0.0127256;
0.0141216;0.0282538;0.0127356;
0.0141316;0.0298251;0.0127383;
0.0141416;0.0312951;0.0127333;
0.0141516;0.0326579;0.0127203;
0.0141616;0.0339081;0.0126988;
0.0141716;0.0350409;0.0126685;
0.0141816;0.0360517;0.0126291;
0.0141916;0.0369366;0.0125804;
0.0142016;0.037692;0.0125221;
0.0142116;0.0383151;0.012454;
0.0142216;0.0388032;0.012376;
0.0142316;0.0391546;0.0122878;
0.0142416;0.0393678;0.0121895;
0.0142516;0.0394419;0.012081;
0.0142616;0.0393768;0.0119622;
0.0142716;0.0391726;0.0118333;
0.0142816;0.0388301;0.0116942;
0.0142916;0.0383507;0.0115452;
0.0143016;0.0377363;0.0113862;
0.0143116;0.0369893;0.0112176;
0.0143216;0.0361127;0.0110395;
0.0143316;0.0351099;0.0108521;
0.0143416;0.0339849;0.0106559;
0.0143516;0.0327421;0.0104511;
0.0143616;0.0313864;0.010238;
0.0143716;0.0299232;0.0100171;
0.0143816;0.0283582;0.00978878;
0.0143916;0.0266977;0.00955347;
0.0144016;0.0249482;0.00931165;
0.0144116;0.0231165;0.00906383;
0.0144216;0.0212099;0.00881052;
0.0144316;0.019236;0.00855226;
0.0144416;0.0172025;0.00828962;
0.0144516;0.0151174;0.00802317;
0.0144616;0.012989;0.0077535;
0.0144716;0.0108257;0.00748121;
0.0144816;0.00863606;0.00720692;
0.0144916;0.00642864;0.00693123;
0.0145016;0.00421218;0.00665478;
0.0145116;0.00199545;0.00637819;
0.0145216;-0.000212828;0.00610208;
0.0145316;-0.00240392;0.00582708;
0.0145416;-0.00456919;0.00555379;
0.0145516;-0.00670008;0.00528283;
0.0145616;-0.00878819;0.0050148;
0.0145716;-0.0108253;0.00475027;
0.0145816;-0.0128033;0.00448983;
0.0145916;-0.0147145;0.00423403;
0.0146016;-0.0165512;0.00398339;
0.0146116;-0.0183063;0.00373845;
0.0146216;-0.0199728;0.00349967;
0.0146316;-0.0215441;0.00326754;
0.0146416;-0.0230141;0.00304249;
0.0146516;-0.0243769;0.00282493;
0.0146616;-0.0256272;0.00261524;
0.0146716;-0.0267599;0.00241377;
0.0146816;-0.0277708;0.00222083;
0.0146916;-0.0286557;0.0020367;
0.0147016;-0.0294111;0.00186163;
0.0147116;-0.0300342;0.00169582;
0.0147216;-0.0305223;0.00153946;
0.0147316;-0.0308737;0.00139267;
0.0147416;-0.0310869;0.00125555;
0.0147516;-0.0311611;0.00112815;
0.0147616;-0.0310959;0.00101049;
0.0147716;-0.0308917;0.000902561;
0.0147816;-0.0305493;0.000804291;
0.0147916;-0.0300699;0.000715585;
0.0148016;-0.0294555;0.000636306;
0.0148116;-0.0287086;0.000566281;
0.0148216;-0.027832;0.000505299;
0.0148316;-0.0268292;0.000453112;
0.0148416;-0.0257042;0.000409439;
0.0148516;-0.0244614;0.000373963;
0.0148616;-0.0231057;0.000346336;
0.0148716;-0.0216425;0.000326177;
0.0148816;-0.0200776;0.000313077;
0.0148916;-0.0184171;0.000306599;
0.0149016;-0.0166675;0.000306278;
0.0149116;-0.0148359;0.000311625;
0.0149216;-0.0129293;0.000322129;
0.0149316;-0.0109554;0.000337258;
0.0149416;-0.0089219;0.000356463;
0.0149516;-0.00683686;0.000379177;
0.0149616;-0.00470849;0.000404819;
0.0149716;-0.00254521;0.000432798;
0.0149816;-0.000355543;0.000462512;
0.0149916;0.00185187;0.000493353;
0.0150016;0.00406831;0.000524708;
0.0150116;0.00628503;0.000555963;
0.0150216;0.00849329;0.000586504;
0.0150316;0.0106844;0.000615718;
0.0150416;0.0128496;0.000643;
0.0150516;0.0149805;0.000667751;
0.0150616;0.0170686;0.000689382;
0.0150716;0.0191057;0.000707319;
0.0150816;0.0210837;0.000720998;
0.0150916;0.0229948;0.000729877;
0.0151016;0.0248316;0.000733429;
0.0151116;0.0265866;0.000731151;
0.0151216;0.0282531;0.000722561;
0.0151316;0.0298244;0.000707205;
0.0151416;0.0312944;0.000684652;
0.0151516;0.0326572;0.000654504;
0.0151616;0.0339074;0.000616389;
0.0151716;0.0350402;0.00056997;
0.0151816;0.036051;0.000514942;
0.0151916;0.0369359;0.000451034;
0.0152016;0.0376913;0.000378011;
0.0152116;0.0383144;0.000295673;
0.0152216;0.0388025;0.000203858;
0.0152316;0.0391539;0.000102444;
0.0152416;0.0393671;-8.65728e-06;
0.0152516;0.0394412;-0.000129492;
0.0152616;0.0393761;-0.000260067;
0.0152716;0.0391718;-0.000400354;
0.0152816;0.0388294;-0.000550282;
0.0152916;0.03835;-0.000709743;
0.0153016;0.0377356;-0.000878591;
0.0153116;0.0369886;-0.00105664;
0.0153216;0.036112;-0.00124367;
0.0153316;0.0351092;-0.00143943;
0.0153416;0.0339842;-0.00164363;
0.0153516;0.0327414;-0.00185592;
0.0153616;0.0313857;-0.00207597;
0.0153716;0.0299225;-0.00230338;
0.0153816;0.0283575;-0.00253773;
0.0153916;0.026697;-0.00277857;
0.0154016;0.0249474;-0.00302543;
0.0154116;0.0231158;-0.00327781;
0.0154216;0.0212092;-0.00353518;
0.0154316;0.0192353;-0.00379702;
0.0154416;0.0172018;-0.00406275;
0.0154516;0.0151167;-0.00433181;
0.0154616;0.0129883;-0.00460359;
0.0154716;0.010825;-0.00487751;
0.0154816;0.00863536;-0.00515294;
0.0154916;0.00642793;-0.00542928;
0.0155016;0.00421148;-0.00570589;
0.0155116;0.00199474;-0.00598216;
0.0155216;-0.000213533;-0.00625746;
0.0155316;-0.00240463;-0.00653117;
0.0155416;-0.00456989;-0.00680267;
0.0155516;-0.00670078;-0.00707135;
0.0155616;-0.00878889;-0.00733662;
0.0155716;-0.010826;-0.0075979;
0.0155816;-0.012804;-0.0078546;
0.0155916;-0.0147152;-0.00810618;
0.0156016;-0.0165519;-0.0083521;
0.0156116;-0.018307;-0.00859185;
0.0156216;-0.0199735;-0.00882493;
0.0156316;-0.0215448;-0.00905089;
0.0156416;-0.0230148;-0.00926928;
0.0156516;-0.0243776;-0.0094797;
0.0156616;-0.0256279;-0.00968176;
0.0156716;-0.0267606;-0.00987512;
0.0156816;-0.0277715;-0.0100595;
0.0156916;-0.0286564;-0.0102345;
0.0157016;-0.0294118;-0.0104;
0.0157116;-0.0300349;-0.0105557;
0.0157216;-0.030523;-0.0107016;
0.0157316;-0.0308744;-0.0108373;
0.0157416;-0.0310876;-0.010963;
0.0157516;-0.0311618;-0.0110784;
0.0157616;-0.0310966;-0.0111836;
0.0157716;-0.0308924;-0.0112785;
0.0157816;-0.03055;-0.0113634;
0.0157916;-0.0300706;-0.0114382;
0.0158016;-0.0294562;-0.0115031;
0.0158116;-0.0287092;-0.0115582;
0.0158216;-0.0278326;-0.0116038;
0.0158316;-0.0268299;-0.0116402;
0.0158416;-0.0257048;-0.0116676;
0.0158516;-0.0244621;-0.0116863;
0.0158616;-0.0231064;-0.0116966;
0.0158716;-0.0216432;-0.0116991;
0.0158816;-0.0200783;-0.011694;
0.0158916;-0.0184177;-0.0116818;
0.0159016;-0.0166682;-0.0116629;
0.0159116;-0.0148365;-0.0116379;
0.0159216;-0.01293;-0.0116073;
0.0159316;-0.0109561;-0.0115716;
0.0159416;-0.00892256;-0.0115314;
0.0159516;-0.00683752;-0.0114872;
0.0159616;-0.00470915;-0.0114396;
0.0159716;-0.00254587;-0.0113891;
0.0159816;-0.000356198;-0.0113365;
0.0159916;0.00185121;-0.0112823;
0.0160016;0.00406766;-0.0112271;
0.0160116;0.00628438;-0.0111715;
0.0160216;0.00849265;-0.0111162;
0.0160316;0.0106837;-0.0110618;
0.0160416;0.012849;-0.0110088;
0.0160516;0.0149799;-0.0109579;
0.0160616;0.017068;-0.0109096;
0.0160716;0.019105;-0.0108646;
0.0160816;0.0210831;-0.0108234;
0.0160916;0.0229942;-0.0107866;
0.0161016;0.0248309;-0.0107546;
0.0161116;0.026586;-0.010728;
0.0161216;0.0282525;-0.0107072;
0.0161316;0.0298238;-0.0106928;
0.0161416;0.0312938;-0.0106851;
0.0161516;0.0326566;-0.0106845;
0.0161616;0.0339068;-0.0106915;
0.0161716;0.0350396;-0.0107064;
0.0161816;0.0360504;-0.0107293;
0.0161916;0.0369353;-0.0107608;
0.0162016;0.0376907;-0.0108009;
0.0162116;0.0383138;-0.0108499;
0.0162216;0.0388019;-0.0109079;
0.0162316;0.0391533;-0.0109751;
0.0162416;0.0393665;-0.0110515;
0.0162516;0.0394406;-0.0111372;
0.0162616;0.0393755;-0.0112322;
0.0162716;0.0391713;-0.0113365;
0.0162816;0.0388288;-0.01145;
0.0162916;0.0383494;-0.0115727;
0.0163016;0.037735;-0.0117042;
0.0163116;0.036988;-0.0118446;
0.0163216;0.0361114;-0.0119935;
0.0163316;0.0351086;-0.0121507;
0.0163416;0.0339836;-0.0123159;
0.0163516;0.0327408;-0.0124888;
0.0163616;0.0313851;-0.0126691;
0.0163716;0.0299219;-0.0128563;
0.0163816;0.028357;-0.01305;
0.0163916;0.0266964;-0.0132497;
0.0164016;0.0249469;-0.0134551;
0.0164116;0.0231152;-0.0136656;
0.0164216;0.0212086;-0.0138807;
0.0164316;0.0192347;-0.0140998;
0.0164416;0.0172012;-0.0143224;
0.0164516;0.0151162;-0.014548;
0.0164616;0.0129878;-0.0147758;
0.0164716;0.0108245;-0.0150054;
0.0164816;0.00863481;-0.0152361;
0.0164916;0.00642739;-0.0154674;
0.0165016;0.00421094;-0.0156985;
0.0165116;0.00199421;-0.0159288;
0.0165216;-0.000214062;-0.0161578;
0.0165316;-0.00240515;-0.0163848;
0.0165416;-0.00457041;-0.0166092;
0.0165516;-0.0067013;-0.0168305;
0.0165616;-0.00878941;-0.0170479;
0.0165716;-0.0108265;-0.0172609;
0.0165816;-0.0128045;-0.017469;
0.0165916;-0.0147157;-0.0176716;
0.0166016;-0.0165524;-0.0178681;
0.0166116;-0.0183075;-0.0180581;
0.0166216;-0.019974;-0.0182411;
0.0166316;-0.0215453;-0.0184165;
0.0166416;-0.0230153;-0.018584;
0.0166516;-0.0243781;-0.0187432;
0.0166616;-0.0256283;-0.0188937;
0.0166716;-0.0267611;-0.0190351;
0.0166816;-0.0277719;-0.0191671;
0.0166916;-0.0286568;-0.0192894;
0.0167016;-0.0294123;-0.0194019;
0.0167116;-0.0300353;-0.0195042;
0.0167216;-0.0305235;-0.0195963;
0.0167316;-0.0308749;-0.019678;
0.0167416;-0.0310881;-0.0197491;
0.0167516;-0.0311622;-0.0198098;
0.0167616;-0.0310971;-0.0198598;
0.0167716;-0.0308929;-0.0198993;
0.0167816;-0.0305504;-0.0199283;
0.0167916;-0.030071;-0.0199469;
0.0168016;-0.0294567;-0.0199553;
0.0168116;-0.0287097;-0.0199536;
0.0168216;-0.0278331;-0.0199421;
0.0168316;-0.0268303;-0.019921;
0.0168416;-0.0257053;-0.0198905;
0.0168516;-0.0244625;-0.0198511;
0.0168616;-0.0231068;-0.019803;
0.0168716;-0.0216436;-0.0197466;
0.0168816;-0.0200787;-0.0196824;
0.0168916;-0.0184181;-0.0196107;
0.0169016;-0.0166686;-0.0195322;
0.0169116;-0.0148369;-0.0194472;
0.0169216;-0.0129304;-0.0193562;
0.0169316;-0.0109564;-0.0192598;
0.0169416;-0.00892295;-0.0191586;
0.0169516;-0.0068379;-0.0190531;
0.0169616;-0.00470953;-0.018944;
0.0169716;-0.00254624;-0.0188317;
0.0169816;-0.000356567;-0.0187169;
0.0169916;0.00185085;-0.0186002;
0.0170016;0.0040673;-0.0184823;
0.0170116;0.00628403;-0.0183637;
0.0170216;0.00849229;-0.0182451;
0.0170316;0.0106834;-0.0181271;
0.0170416;0.0128486;-0.0180102;
0.0170516;0.0149795;-0.0178952;
0.0170616;0.0170676;-0.0177825;
0.0170716;0.0191047;-0.0176728;
0.0170816;0.0210827;-0.0175667;
0.0170916;0.0229939;-0.0174646;
0.0171016;0.0248306;-0.0173671;
0.0171116;0.0265857;-0.0172747;
0.0171216;0.0282522;-0.017188;
0.0171316;0.0298235;-0.0171073;
0.0171416;0.0312935;-0.0170331;
0.0171516;0.0326563;-0.0169658;
0.0171616;0.0339065;-0.0169057;
0.0171716;0.0350393;-0.0168533;
0.0171816;0.0360501;-0.0168088;
0.0171916;0.036935;-0.0167725;
0.0172016;0.0376904;-0.0167446;
0.0172116;0.0383135;-0.0167254;
0.0172216;0.0388016;-0.0167149;
0.0172316;0.039153;-0.0167134;
0.0172416;0.0393662;-0.016721;
0.0172516;0.0394404;-0.0167376;
0.0172616;0.0393752;-0.0167632;
0.0172716;0.039171;-0.016798;
0.0172816;0.0388285;-0.0168417;
0.0172916;0.0383492;-0.0168944;
0.0173016;0.0377348;-0.0169557;
0.0173116;0.0369878;-0.0170257;
0.0173216;0.0361112;-0.017104;
0.0173316;0.0351084;-0.0171904;
0.0173416;0.0339834;-0.0172846;
0.0173516;0.0327406;-0.0173863;
0.0173616;0.0313849;-0.0174951;
0.0173716;0.0299217;-0.0176107;
0.0173816;0.0283568;-0.0177326;
0.0173916;0.0266962;-0.0178604;
0.0174016;0.0249467;-0.0179936;
0.0174116;0.023115;-0.0181318;
0.0174216;0.0212084;-0.0182744;
0.0174316;0.0192345;-0.0184208;
0.0174416;0.017201;-0.0185706;
0.0174516;0.015116;-0.0187231;
0.0174616;0.0129876;-0.0188778;
0.0174716;0.0108243;-0.0190341;
0.0174816;0.00863465;-0.0191913;
0.0174916;0.00642723;-0.0193488;
0.0175016;0.00421079;-0.0195061;
0.0175116;0.00199406;-0.0196625;
0.0175216;-0.00021421;-0.0198174;
0.0175316;-0.00240529;-0.0199701;
0.0175416;-0.00457055;-0.0201202;
0.0175516;-0.00670144;-0.0202668;
0.0175616;-0.00878954;-0.0204096;
0.0175716;-0.0108266;-0.0205478;
0.0175816;-0.0128046;-0.020681;
0.0175916;-0.0147158;-0.0208085;
0.0176016;-0.0165525;-0.0209298;
0.0176116;-0.0183076;-0.0210445;
0.0176216;-0.0199741;-0.0211521;
0.0176316;-0.0215454;-0.021252;
0.0176416;-0.0230154;-0.0213439;
0.0176516;-0.0243782;-0.0214273;
0.0176616;-0.0256284;-0.0215019;
0.0176716;-0.0267612;-0.0215673;
0.0176816;-0.027772;-0.0216232;
0.0176916;-0.0286569;-0.0216694;
0.0177016;-0.0294124;-0.0217056;
0.0177116;-0.0300354;-0.0217316;
0.0177216;-0.0305236;-0.0217473;
0.0177316;-0.0308749;-0.0217524;
0.0177416;-0.0310881;-0.021747;
0.0177516;-0.0311623;-0.0217309;
0.0177616;-0.0310971;-0.0217042;
0.0177716;-0.0308929;-0.0216669;
0.0177816;-0.0305504;-0.021619;
0.0177916;-0.0300711;-0.0215606;
0.0178016;-0.0294567;-0.021492;
0.0178116;-0.0287097;-0.0214132;
0.0178216;-0.0278331;-0.0213245;
0.0178316;-0.0268303;-0.0212262;
0.0178416;-0.0257053;-0.0211185;
0.0178516;-0.0244625;-0.0210017;
0.0178616;-0.0231068;-0.0208763;
0.0178716;-0.0216436;-0.0207425;
0.0178816;-0.0200787;-0.0206009;
0.0178916;-0.0184181;-0.0204518;
0.0179016;-0.0166686;-0.0202957;
0.0179116;-0.0148369;-0.0201331;
0.0179216;-0.0129303;-0.0199646;
0.0179316;-0.0109564;-0.0197907;
0.0179416;-0.00892291;-0.0196119;
0.0179516;-0.00683786;-0.0194288;
0.0179616;-0.00470948;-0.0192419;
0.0179716;-0.00254619;-0.019052;
0.0179816;-0.000356511;-0.0188596;
0.0179916;0.00185091;-0.0186652;
0.0180016;0.00406736;-0.0184696;
0.0180116;0.0062841;-0.0182734;
0.0180216;0.00849237;-0.0180771;
0.0180316;0.0106835;-0.0178814;
0.0180416;0.0128487;-0.017687;
0.0180516;0.0149796;-0.0174943;
0.0180616;0.0170677;-0.017304;
0.0180716;0.0191048;-0.0171167;
0.0180816;0.0210828;-0.016933;
0.0180916;0.022994;-0.0167533;
0.0181016;0.0248307;-0.0165783;
0.0181116;0.0265858;-0.0164085;
0.0181216;0.0282523;-0.0162443;
0.0181316;0.0298236;-0.0160862;
0.0181416;0.0312936;-0.0159346;
0.0181516;0.0326564;-0.0157899;
0.0181616;0.0339066;-0.0156526;
0.0181716;0.0350394;-0.0155229;
0.0181816;0.0360502;-0.0154013;
0.0181916;0.0369351;-0.0152878;
0.0182016;0.0376906;-0.0151829;
0.0182116;0.0383136;-0.0150866;
0.0182216;0.0388018;-0.0149992;
0.0182316;0.0391532;-0.0149209;
0.0182416;0.0393664;-0.0148516;
0.0182516;0.0394405;-0.0147914;
0.0182616;0.0393754;-0.0147405;
0.0182716;0.0391712;-0.0146986;
0.0182816;0.0388287;-0.0146659;
0.0182916;0.0383493;-0.0146421;
0.0183016;0.037735;-0.0146272;
0.0183116;0.036988;-0.0146209;
0.0183216;0.0361114;-0.014623;
0.0183316;0.0351086;-0.0146334;
0.0183416;0.0339836;-0.0146517;
0.0183516;0.0327408;-0.0146775;
0.0183616;0.0313851;-0.0147106;
0.0183716;0.0299219;-0.0147506;
0.0183816;0.028357;-0.014797;
0.0183916;0.0266965;-0.0148495;
0.0184016;0.0249469;-0.0149074;
0.0184116;0.0231153;-0.0149704;
0.0184216;0.0212087;-0.015038;
0.0184316;0.0192348;-0.0151096;
0.0184416;0.0172013;-0.0151846;
0.0184516;0.0151162;-0.0152625;
0.0184616;0.0129879;-0.0153427;
0.0184716;0.0108246;-0.0154246;
0.0184816;0.00863492;-0.0155076;
0.0184916;0.00642751;-0.015591;
0.0185016;0.00421107;-0.0156744;
0.0185116;0.00199434;-0.0157571;
0.0185216;-0.000213921;-0.0158383;
0.0185316;-0.002405;-0.0159176;
0.0185416;-0.00457026;-0.0159944;
0.0185516;-0.00670114;-0.0160679;
0.0185616;-0.00878924;-0.0161377;
0.0185716;-0.0108263;-0.0162031;
0.0185816;-0.0128043;-0.0162637;
0.0185916;-0.0147155;-0.0163187;
0.0186016;-0.0165522;-0.0163678;
0.0186116;-0.0183073;-0.0164104;
0.0186216;-0.0199738;-0.016446;
0.0186316;-0.0215451;-0.0164742;
0.0186416;-0.023015;-0.0164946;
0.0186516;-0.0243778;-0.0165067;
0.0186616;-0.0256281;-0.0165101;
0.0186716;-0.0267608;-0.0165046;
0.0186816;-0.0277717;-0.0164898;
0.0186916;-0.0286565;-0.0164654;
0.0187016;-0.029412;-0.0164313;
0.0187116;-0.030035;-0.0163871;
0.0187216;-0.0305232;-0.0163329;
0.0187316;-0.0308746;-0.0162683;
0.0187416;-0.0310877;-0.0161934;
0.0187516;-0.0311619;-0.016108;
0.0187616;-0.0310967;-0.0160122;
0.0187716;-0.0308925;-0.0159061;
0.0187816;-0.03055;-0.0157896;
0.0187916;-0.0300707;-0.0156629;
0.0188016;-0.0294563;-0.0155261;
0.0188116;-0.0287093;-0.0153794;
0.0188216;-0.0278327;-0.0152231;
0.0188316;-0.0268299;-0.0150573;
0.0188416;-0.0257049;-0.0148824;
0.0188516;-0.0244621;-0.0146987;
0.0188616;-0.0231064;-0.0145066;
0.0188716;-0.0216432;-0.0143064;
0.0188816;-0.0200782;-0.0140986;
0.0188916;-0.0184177;-0.0138836;
0.0189016;-0.0166681;-0.0136618;
0.0189116;-0.0148365;-0.0134339;
0.0189216;-0.0129299;-0.0132002;
0.0189316;-0.010956;-0.0129614;
0.0189416;-0.00892246;-0.012718;
0.0189516;-0.00683741;-0.0124706;
0.0189616;-0.00470903;-0.0122197;
0.0189716;-0.00254573;-0.011966;
0.0189816;-0.000356051;-0.0117101;
0.0189916;0.00185137;-0.0114525;
0.0190016;0.00406783;-0.011194;
0.0190116;0.00628457;-0.0109351;
0.0190216;0.00849284;-0.0106765;
0.0190316;0.0106839;-0.0104187;
0.0190416;0.0128492;-0.0101625;
0.0190516;0.0149801;-0.00990834;
0.0190616;0.0170682;-0.0096569;
0.0190716;0.0191053;-0.00940875;
0.0190816;0.0210833;-0.00916445;
0.0190916;0.0229945;-0.00892456;
0.0191016;0.0248312;-0.00868962;
0.0191116;0.0265863;-0.00846013;
0.0191216;0.0282528;-0.0082366;
0.0191316;0.0298241;-0.00801947;
0.0191416;0.0312941;-0.0078092;
0.0191516;0.0326569;-0.00760619;
0.0191616;0.0339072;-0.00741082;
0.0191716;0.0350399;-0.00722344;
0.0191816;0.0360508;-0.00704436;
0.0191916;0.0369357;-0.00687386;
0.0192016;0.0376911;-0.00671219;
0.0192116;0.0383142;-0.00655955;
0.0192216;0.0388023;-0.00641611;
0.0192316;0.0391537;-0.00628202;
0.0192416;0.0393669;-0.00615736;
0.0192516;0.0394411;-0.00604219;
0.0192616;0.0393759;-0.00593653;
0.0192716;0.0391717;-0.00584035;
0.0192816;0.0388293;-0.00575361;
0.0192916;0.0383499;-0.00567619;
0.0193016;0.0377355;-0.00560796;
0.0193116;0.0369886;-0.00554874;
0.0193216;0.0361119;-0.00549833;
0.0193316;0.0351092;-0.00545648;
0.0193416;0.0339842;-0.00542291;
0.0193516;0.0327414;-0.00539729;
0.0193616;0.0313857;-0.00537928;
0.0193716;0.0299225;-0.0053685;
0.0193816;0.0283576;-0.00536454;
0.0193916;0.026697;-0.00536696;
0.0194016;0.0249475;-0.0053753;
0.0194116;0.0231158;-0.00538906;
0.0194216;0.0212093;-0.00540774;
0.0194316;0.0192354;-0.0054308;
0.0194416;0.0172019;-0.0054577;
0.0194516;0.0151168;-0.00548786;
0.0194616;0.0129885;-0.00552071;
0.0194716;0.0108252;-0.00555565;
0.0194816;0.00863553;-0.00559209;
0.0194916;0.00642812;-0.0056294;
0.0195016;0.00421168;-0.00566699;
0.0195116;0.00199495;-0.00570424;
0.0195216;-0.000213306;-0.00574052;
0.0195316;-0.00240438;-0.00577523;
0.0195416;-0.00456964;-0.00580777;
0.0195516;-0.00670052;-0.00583753;
0.0195616;-0.00878861;-0.00586393;
0.0195716;-0.0108257;-0.00588639;
0.0195816;-0.0128037;-0.00590434;
0.0195916;-0.0147148;-0.00591725;
0.0196016;-0.0165516;-0.00592458;
0.0196116;-0.0183066;-0.00592584;
0.0196216;-0.0199731;-0.00592054;
0.0196316;-0.0215444;-0.00590823;
0.0196416;-0.0230144;-0.00588848;
0.0196516;-0.0243772;-0.00586088;
0.0196616;-0.0256274;-0.00582507;
0.0196716;-0.0267602;-0.00578071;
0.0196816;-0.027771;-0.00572749;
0.0196916;-0.0286559;-0.00566515;
0.0197016;-0.0294113;-0.00559345;
0.0197116;-0.0300344;-0.00551218;
0.0197216;-0.0305225;-0.00542119;
0.0197316;-0.0308739;-0.00532035;
0.0197416;-0.0310871;-0.00520958;
0.0197516;-0.0311612;-0.00508883;
0.0197616;-0.0310961;-0.00495809;
0.0197716;-0.0308919;-0.00481739;
0.0197816;-0.0305494;-0.00466681;
0.0197916;-0.03007;-0.00450644;
0.0198016;-0.0294556;-0.00433644;
0.0198116;-0.0287086;-0.00415699;
0.0198216;-0.027832;-0.00396831;
0.0198316;-0.0268292;-0.00377066;
0.0198416;-0.0257042;-0.00356433;
0.0198516;-0.0244614;-0.00334965;
0.0198616;-0.0231057;-0.00312697;
0.0198716;-0.0216425;-0.00289668;
0.0198816;-0.0200775;-0.00265921;
0.0198916;-0.018417;-0.002415;
0.0199016;-0.0166675;-0.00216452;
0.0199116;-0.0148358;-0.00190828;
0.0199216;-0.0129292;-0.00164679;
0.0199316;-0.0109553;-0.0013806;
0.0199416;-0.00892177;-0.00111027;
0.0199516;-0.00683672;-0.000836371;
0.0199616;-0.00470834;-0.000559495;
0.0199716;-0.00254504;-0.000280244;
0.0199816;-0.000355361;7.6964e-07;
0.0199916;0.00185206;0.000282929;
0.02;0.00370676;0.000519487;
