time;V(Net-_R2-Pad1_);V(Net-_U1-+_);
0.00600098;-0.274516;0.00123134;
0.00600198;-0.224371;0.00248792;
0.00600298;-0.174214;0.0037444;
0.00600398;-0.124047;0.00500074;
0.00600498;-0.0738712;0.00625687;
0.00600598;-0.0236895;0.00751277;
0.00600698;0.0264964;0.00876836;
0.00600798;0.0766846;0.0100236;
0.00600898;0.126873;0.0112785;
0.00600998;0.17706;0.0125329;
0.00601098;0.227243;0.0137868;
0.00601198;0.27742;0.0150401;
0.00601298;0.32759;0.0162929;
0.00601398;0.37775;0.017545;
0.00601498;0.427899;0.0187965;
0.00601598;0.478034;0.0200472;
0.00601698;0.528154;0.0212971;
0.00601798;0.578256;0.0225461;
0.00601898;0.628338;0.0237943;
0.00601998;0.678399;0.0250416;
0.00602098;0.728437;0.0262878;
0.00602198;0.778449;0.027533;
0.00602298;0.828433;0.0287771;
0.00602398;0.878388;0.0300201;
0.00602498;0.928312;0.0312619;
0.00602598;0.978202;0.0325025;
0.00602698;1.02806;0.0337418;
0.00602798;1.07787;0.0349797;
0.00602898;1.12765;0.0362163;
0.00602998;1.17739;0.0374514;
0.00603098;1.22708;0.0386851;
0.00603198;1.27673;0.0399172;
0.00603298;1.32633;0.0411478;
0.00603398;1.37588;0.0423767;
0.00603498;1.42538;0.043604;
0.00603598;1.47483;0.0448295;
0.00603698;1.52422;0.0460533;
0.00603798;1.57355;0.0472752;
0.00603898;1.62283;0.0484953;
0.00603998;1.67204;0.0497135;
0.00604098;1.72119;0.0509297;
0.00604198;1.77028;0.0521439;
0.00604298;1.81929;0.053356;
0.00604398;1.86824;0.0545661;
0.00604498;1.91712;0.0557739;
0.00604598;1.96593;0.0569796;
0.00604698;2.01466;0.058183;
0.00604798;2.06331;0.0593842;
0.00604898;2.11188;0.060583;
0.00604998;2.16038;0.0617793;
0.00605098;2.20879;0.0629733;
0.00605198;2.25712;0.0641648;
0.00605298;2.30536;0.0653537;
0.00605398;2.35351;0.0665401;
0.00605498;2.40157;0.0677238;
0.00605598;2.44954;0.0689048;
0.00605698;2.49741;0.0700832;
0.00605798;2.54519;0.0712587;
0.00605898;2.59287;0.0724315;
0.00605998;2.64046;0.0736014;
0.00606098;2.68794;0.0747684;
0.00606198;2.73531;0.0759324;
0.00606298;2.78258;0.0770935;
0.00606398;2.82975;0.0782515;
0.00606498;2.8768;0.0794064;
0.00606598;2.92374;0.0805581;
0.00606698;2.97057;0.0817067;
0.00606798;3.01729;0.0828521;
0.00606898;3.06389;0.0839942;
0.00606998;3.11037;0.085133;
0.00607098;3.15673;0.0862684;
0.00607198;3.20297;0.0874004;
0.00607298;3.24908;0.088529;
0.00607398;3.29507;0.089654;
0.00607498;3.34093;0.0907756;
0.00607598;3.38666;0.0918935;
0.00607698;3.43226;0.0930078;
0.00607798;3.47773;0.0941185;
0.00607898;3.52307;0.0952254;
0.00607998;3.56826;0.0963286;
0.00608098;3.61332;0.0974279;
0.00608198;3.65824;0.0985235;
0.00608298;3.70301;0.0996151;
0.00608398;3.74765;0.100703;
0.00608498;3.79214;0.101787;
0.00608598;3.83648;0.102866;
0.00608698;3.88067;0.103942;
0.00608798;3.92471;0.105013;
0.00608898;3.9686;0.106081;
0.00608998;4.01233;0.107144;
0.00609098;4.05591;0.108203;
0.00609198;4.09933;0.109258;
0.00609298;4.1426;0.110308;
0.00609398;4.1857;0.111354;
0.00609498;4.22864;0.112396;
0.00609598;4.27141;0.113433;
0.00609698;4.31402;0.114466;
0.00609798;4.35646;0.115494;
0.00609898;4.39874;0.116518;
0.00609998;4.44084;0.117537;
0.00610098;4.48277;0.118551;
0.00610198;4.52452;0.119561;
0.00610298;4.5661;0.120566;
0.00610398;4.6075;0.121566;
0.00610498;4.64873;0.122561;
0.00610598;4.68977;0.123552;
0.00610698;4.73063;0.124538;
0.00610798;4.77131;0.125519;
0.00610898;4.8118;0.126494;
0.00610998;4.8521;0.127465;
0.00611098;4.89222;0.128431;
0.00611198;4.93214;0.129392;
0.00611298;4.97187;0.130348;
0.00611398;5.01141;0.131298;
0.00611498;5.05076;0.132243;
0.00611598;5.08991;0.133184;
0.00611698;5.12886;0.134118;
0.00611798;5.16761;0.135048;
0.00611898;5.20616;0.135972;
0.00611998;5.24451;0.136891;
0.00612098;5.28265;0.137804;
0.00612198;5.32059;0.138712;
0.00612298;5.35832;0.139615;
0.00612398;5.39585;0.140512;
0.00612498;5.43316;0.141403;
0.00612598;5.47026;0.142289;
0.00612698;5.50715;0.14317;
0.00612798;5.54383;0.144044;
0.00612898;5.58029;0.144913;
0.00612998;5.61653;0.145776;
0.00613098;5.65255;0.146634;
0.00613198;5.68836;0.147486;
0.00613298;5.72394;0.148331;
0.00613398;5.7593;0.149171;
0.00613498;5.79444;0.150005;
0.00613598;5.82935;0.150834;
0.00613698;5.86403;0.151656;
0.00613798;5.89849;0.152472;
0.00613898;5.93271;0.153282;
0.00613998;5.96671;0.154087;
0.00614098;6.00047;0.154885;
0.00614198;6.034;0.155677;
0.00614298;6.06729;0.156462;
0.00614398;6.10035;0.157242;
0.00614498;6.13317;0.158016;
0.00614598;6.16576;0.158783;
0.00614698;6.1981;0.159544;
0.00614798;6.2302;0.160298;
0.00614898;6.26206;0.161047;
0.00614998;6.29367;0.161789;
0.00615098;6.32504;0.162524;
0.00615198;6.35617;0.163253;
0.00615298;6.38704;0.163976;
0.00615398;6.41767;0.164692;
0.00615498;6.44805;0.165402;
0.00615598;6.47817;0.166105;
0.00615698;6.50805;0.166802;
0.00615798;6.53767;0.167492;
0.00615898;6.56704;0.168175;
0.00615998;6.59615;0.168852;
0.00616098;6.625;0.169522;
0.00616198;6.6536;0.170186;
0.00616298;6.68193;0.170842;
0.00616398;6.71001;0.171492;
0.00616498;6.73782;0.172136;
0.00616598;6.76538;0.172772;
0.00616698;6.79267;0.173402;
0.00616798;6.81969;0.174024;
0.00616898;6.84645;0.17464;
0.00616998;6.87294;0.175249;
0.00617098;6.89917;0.175851;
0.00617198;6.92512;0.176446;
0.00617298;6.95081;0.177034;
0.00617398;6.97623;0.177616;
0.00617498;7.00137;0.17819;
0.00617598;7.02624;0.178757;
0.00617698;7.05084;0.179317;
0.00617798;7.07516;0.17987;
0.00617898;7.09921;0.180416;
0.00617998;7.12298;0.180955;
0.00618098;7.14647;0.181486;
0.00618198;7.16969;0.182011;
0.00618298;7.19262;0.182528;
0.00618398;7.21528;0.183038;
0.00618498;7.23765;0.183541;
0.00618598;7.25974;0.184036;
0.00618698;7.28155;0.184525;
0.00618798;7.30308;0.185006;
0.00618898;7.32432;0.18548;
0.00618998;7.34527;0.185946;
0.00619098;7.36594;0.186405;
0.00619198;7.38632;0.186857;
0.00619298;7.40642;0.187301;
0.00619398;7.42622;0.187738;
0.00619498;7.44574;0.188168;
0.00619598;7.46496;0.18859;
0.00619698;7.4839;0.189004;
0.00619798;7.50254;0.189412;
0.00619898;7.52089;0.189811;
0.00619998;7.53895;0.190203;
0.00620098;7.55671;0.190588;
0.00620198;7.57418;0.190965;
0.00620298;7.59135;0.191335;
0.00620398;7.60823;0.191697;
0.00620498;7.62481;0.192052;
0.00620598;7.64109;0.192399;
0.00620698;7.65708;0.192738;
0.00620798;7.67276;0.19307;
0.00620898;7.68815;0.193394;
0.00620998;7.70324;0.19371;
0.00621098;7.71802;0.194019;
0.00621198;7.73251;0.19432;
0.00621298;7.7467;0.194614;
0.00621398;7.76058;0.1949;
0.00621498;7.77416;0.195178;
0.00621598;7.78743;0.195448;
0.00621698;7.80041;0.195711;
0.00621798;7.81307;0.195966;
0.00621898;7.82544;0.196213;
0.00621998;7.8375;0.196453;
0.00622098;7.84925;0.196684;
0.00622198;7.86069;0.196908;
0.00622298;7.87183;0.197125;
0.00622398;7.88267;0.197333;
0.00622498;7.89319;0.197534;
0.00622598;7.90341;0.197727;
0.00622698;7.91331;0.197912;
0.00622798;7.92291;0.198089;
0.00622898;7.9322;0.198258;
0.00622998;7.94118;0.19842;
0.00623098;7.94985;0.198574;
0.00623198;7.95821;0.198719;
0.00623298;7.96626;0.198857;
0.00623398;7.974;0.198988;
0.00623498;7.98143;0.19911;
0.00623598;7.98854;0.199224;
0.00623698;7.99535;0.199331;
0.00623798;8.00184;0.19943;
0.00623898;8.00802;0.199521;
0.00623998;8.01389;0.199604;
0.00624098;8.01944;0.199679;
0.00624198;8.02468;0.199746;
0.00624298;8.02961;0.199805;
0.00624398;8.03422;0.199857;
0.00624498;8.03852;0.199901;
0.00624598;8.0425;0.199936;
0.00624698;8.04618;0.199964;
0.00624798;8.04953;0.199984;
0.00624898;8.05258;0.199996;
0.00624998;8.0553;0.2;
0.00625098;8.05772;0.199996;
0.00625198;8.05982;0.199985;
0.00625298;8.0616;0.199965;
0.00625398;8.06307;0.199937;
0.00625498;8.06422;0.199902;
0.00625598;8.06506;0.199859;
0.00625698;8.06558;0.199808;
0.00625798;8.06579;0.199749;
0.00625898;8.06569;0.199682;
0.00625998;8.06526;0.199607;
0.00626098;8.06453;0.199524;
0.00626198;8.06347;0.199434;
0.00626298;8.06211;0.199335;
0.00626398;8.06042;0.199229;
0.00626498;8.05843;0.199115;
0.00626598;8.05611;0.198993;
0.00626698;8.05348;0.198863;
0.00626798;8.05054;0.198725;
0.00626898;8.04728;0.19858;
0.00626998;8.04371;0.198426;
0.00627098;8.03983;0.198265;
0.00627198;8.03563;0.198096;
0.00627298;8.03111;0.197919;
0.00627398;8.02628;0.197734;
0.00627498;8.02114;0.197542;
0.00627598;8.01568;0.197341;
0.00627698;8.00991;0.197133;
0.00627798;8.00383;0.196917;
0.00627898;7.99743;0.196694;
0.00627998;7.99072;0.196462;
0.00628098;7.9837;0.196223;
0.00628198;7.97637;0.195976;
0.00628298;7.96872;0.195721;
0.00628398;7.96076;0.195459;
0.00628498;7.9525;0.195189;
0.00628598;7.94392;0.194911;
0.00628698;7.93502;0.194626;
0.00628798;7.92582;0.194332;
0.00628898;7.91631;0.194031;
0.00628998;7.90649;0.193723;
0.00629098;7.89636;0.193407;
0.00629198;7.88592;0.193083;
0.00629298;7.87517;0.192751;
0.00629398;7.86412;0.192412;
0.00629498;7.85275;0.192066;
0.00629598;7.84108;0.191712;
0.00629698;7.82911;0.19135;
0.00629798;7.81682;0.19098;
0.00629898;7.80423;0.190604;
0.00629998;7.79134;0.190219;
0.00630098;7.77814;0.189827;
0.00630198;7.76463;0.189428;
0.00630298;7.75082;0.189021;
0.00630398;7.73671;0.188607;
0.00630498;7.7223;0.188185;
0.00630598;7.70758;0.187755;
0.00630698;7.69256;0.187319;
0.00630798;7.67724;0.186875;
0.00630898;7.66162;0.186423;
0.00630998;7.6457;0.185965;
0.00631098;7.62948;0.185498;
0.00631198;7.61297;0.185025;
0.00631298;7.59615;0.184544;
0.00631398;7.57904;0.184056;
0.00631498;7.56163;0.183561;
0.00631598;7.54392;0.183058;
0.00631698;7.52592;0.182549;
0.00631798;7.50763;0.182032;
0.00631898;7.48904;0.181508;
0.00631998;7.47016;0.180976;
0.00632098;7.45098;0.180438;
0.00632198;7.43152;0.179892;
0.00632298;7.41176;0.179339;
0.00632398;7.39171;0.17878;
0.00632498;7.37138;0.178213;
0.00632598;7.35075;0.177639;
0.00632698;7.32984;0.177058;
0.00632798;7.30864;0.17647;
0.00632898;7.28715;0.175875;
0.00632998;7.26538;0.175274;
0.00633098;7.24333;0.174665;
0.00633198;7.22099;0.174049;
0.00633298;7.19837;0.173427;
0.00633398;7.17547;0.172797;
0.00633498;7.15228;0.172161;
0.00633598;7.12882;0.171518;
0.00633698;7.10508;0.170869;
0.00633798;7.08106;0.170212;
0.00633898;7.05676;0.169549;
0.00633998;7.03219;0.168879;
0.00634098;7.00734;0.168203;
0.00634198;6.98222;0.167519;
0.00634298;6.95682;0.16683;
0.00634398;6.93115;0.166133;
0.00634498;6.90521;0.16543;
0.00634598;6.879;0.164721;
0.00634698;6.85253;0.164005;
0.00634798;6.82578;0.163282;
0.00634898;6.79877;0.162554;
0.00634998;6.77149;0.161818;
0.00635098;6.74394;0.161077;
0.00635198;6.71614;0.160329;
0.00635298;6.68807;0.159574;
0.00635398;6.65973;0.158813;
0.00635498;6.63114;0.158047;
0.00635598;6.60229;0.157273;
0.00635698;6.57318;0.156494;
0.00635798;6.54381;0.155708;
0.00635898;6.51419;0.154917;
0.00635998;6.48431;0.154119;
0.00636098;6.45418;0.153315;
0.00636198;6.4238;0.152505;
0.00636298;6.39317;0.151689;
0.00636398;6.36228;0.150867;
0.00636498;6.33115;0.150039;
0.00636598;6.29977;0.149205;
0.00636698;6.26814;0.148365;
0.00636798;6.23627;0.14752;
0.00636898;6.20416;0.146668;
0.00636998;6.1718;0.145811;
0.00637098;6.1392;0.144948;
0.00637198;6.10637;0.144079;
0.00637298;6.07329;0.143205;
0.00637398;6.03998;0.142325;
0.00637498;6.00643;0.141439;
0.00637598;5.97265;0.140548;
0.00637698;5.93863;0.139651;
0.00637798;5.90438;0.138749;
0.00637898;5.8699;0.137841;
0.00637998;5.83519;0.136928;
0.00638098;5.80026;0.136009;
0.00638198;5.7651;0.135085;
0.00638298;5.72971;0.134156;
0.00638398;5.6941;0.133221;
0.00638498;5.65827;0.132281;
0.00638598;5.62221;0.131336;
0.00638698;5.58594;0.130386;
0.00638798;5.54945;0.12943;
0.00638898;5.51275;0.12847;
0.00638998;5.47583;0.127504;
0.00639098;5.43869;0.126534;
0.00639198;5.40135;0.125558;
0.00639298;5.36379;0.124577;
0.00639398;5.32602;0.123592;
0.00639498;5.28805;0.122601;
0.00639598;5.24987;0.121606;
0.00639698;5.21149;0.120606;
0.00639798;5.1729;0.119601;
0.00639898;5.13411;0.118592;
0.00639998;5.09513;0.117578;
0.00640098;5.05594;0.116559;
0.00640198;5.01656;0.115535;
0.00640298;4.97698;0.114507;
0.00640398;4.93721;0.113475;
0.00640498;4.89725;0.112438;
0.00640598;4.8571;0.111396;
0.00640698;4.81676;0.11035;
0.00640798;4.77623;0.1093;
0.00640898;4.73551;0.108246;
0.00640998;4.69461;0.107187;
0.00641098;4.65353;0.106124;
0.00641198;4.61227;0.105056;
0.00641298;4.57083;0.103985;
0.00641398;4.52921;0.10291;
0.00641498;4.48742;0.10183;
0.00641598;4.44545;0.100746;
0.00641698;4.40331;0.0996589;
0.00641798;4.361;0.0985675;
0.00641898;4.31852;0.0974721;
0.00641998;4.27588;0.0963729;
0.00642098;4.23306;0.0952699;
0.00642198;4.19009;0.0941631;
0.00642298;4.14695;0.0930526;
0.00642398;4.10365;0.0919384;
0.00642498;4.06019;0.0908206;
0.00642598;4.01658;0.0896992;
0.00642698;3.97281;0.0885743;
0.00642798;3.92889;0.0874459;
0.00642898;3.88481;0.086314;
0.00642998;3.84059;0.0851787;
0.00643098;3.79621;0.0840401;
0.00643198;3.75169;0.0828981;
0.00643298;3.70703;0.0817529;
0.00643398;3.66222;0.0806044;
0.00643498;3.61727;0.0794528;
0.00643598;3.57218;0.078298;
0.00643698;3.52696;0.0771401;
0.00643798;3.48159;0.0759792;
0.00643898;3.4361;0.0748153;
0.00643998;3.39047;0.0736484;
0.00644098;3.34471;0.0724786;
0.00644198;3.29883;0.071306;
0.00644298;3.25281;0.0701305;
0.00644398;3.20667;0.0689523;
0.00644498;3.16041;0.0677714;
0.00644598;3.11403;0.0665878;
0.00644698;3.06753;0.0654015;
0.00644798;3.02091;0.0642127;
0.00644898;2.97417;0.0630213;
0.00644998;2.92732;0.0618274;
0.00645098;2.88036;0.0606312;
0.00645198;2.83329;0.0594325;
0.00645298;2.78611;0.0582314;
0.00645398;2.73882;0.0570281;
0.00645498;2.69143;0.0558225;
0.00645598;2.64394;0.0546147;
0.00645698;2.59634;0.0534048;
0.00645798;2.54865;0.0521927;
0.00645898;2.50086;0.0509786;
0.00645998;2.45298;0.0497625;
0.00646098;2.405;0.0485444;
0.00646198;2.35693;0.0473244;
0.00646298;2.30877;0.0461025;
0.00646398;2.26052;0.0448788;
0.00646498;2.21219;0.0436533;
0.00646598;2.16377;0.0424261;
0.00646698;2.11528;0.0411973;
0.00646798;2.0667;0.0399668;
0.00646898;2.01804;0.0387347;
0.00646998;1.96931;0.0375011;
0.00647098;1.92051;0.036266;
0.00647198;1.87163;0.0350295;
0.00647298;1.82268;0.0337916;
0.00647398;1.77367;0.0325524;
0.00647498;1.72458;0.0313119;
0.00647598;1.67544;0.0300701;
0.00647698;1.62623;0.0288272;
0.00647798;1.57696;0.0275831;
0.00647898;1.52763;0.0263379;
0.00647998;1.47824;0.0250917;
0.00648098;1.4288;0.0238445;
0.00648198;1.37931;0.0225964;
0.00648298;1.32976;0.0213474;
0.00648398;1.28017;0.0200975;
0.00648498;1.23053;0.0188468;
0.00648598;1.18084;0.0175954;
0.00648698;1.13111;0.0163433;
0.00648798;1.08134;0.0150906;
0.00648898;1.03153;0.0138372;
0.00648998;0.981688;0.0125833;
0.00649098;0.931806;0.011329;
0.00649198;0.881891;0.0100741;
0.00649298;0.831943;0.00881889;
0.00649398;0.781967;0.00756331;
0.00649498;0.731962;0.00630743;
0.00649598;0.681933;0.0050513;
0.00649698;0.631879;0.00379497;
0.00649798;0.581803;0.0025385;
0.00649898;0.531708;0.00128192;
0.00649998;0.481595;2.52893e-05;
0.00650098;0.431466;-0.00123134;
0.00650198;0.381323;-0.00248792;
0.00650298;0.331168;-0.0037444;
0.00650398;0.281003;-0.00500074;
0.00650498;0.230829;-0.00625687;
0.00650598;0.18065;-0.00751277;
0.00650698;0.130467;-0.00876836;
0.00650798;0.0802808;-0.0100236;
0.00650898;0.0300949;-0.0112785;
0.00650998;-0.0200893;-0.0125329;
0.00651098;-0.0702698;-0.0137868;
0.00651198;-0.120445;-0.0150401;
0.00651298;-0.170612;-0.0162929;
0.00651398;-0.220769;-0.017545;
0.00651498;-0.270915;-0.0187965;
0.00651598;-0.321048;-0.0200472;
0.00651698;-0.371165;-0.0212971;
0.00651798;-0.421264;-0.0225461;
0.00651898;-0.471344;-0.0237943;
0.00651998;-0.521402;-0.0250416;
0.00652098;-0.571437;-0.0262878;
0.00652198;-0.621447;-0.027533;
0.00652298;-0.671429;-0.0287771;
0.00652398;-0.721382;-0.0300201;
0.00652498;-0.771303;-0.0312619;
0.00652598;-0.821191;-0.0325025;
0.00652698;-0.871043;-0.0337418;
0.00652798;-0.920858;-0.0349797;
0.00652898;-0.970634;-0.0362163;
0.00652998;-1.02037;-0.0374514;
0.00653098;-1.07006;-0.0386851;
0.00653198;-1.11971;-0.0399172;
0.00653298;-1.1693;-0.0411478;
0.00653398;-1.21885;-0.0423767;
0.00653498;-1.26835;-0.043604;
0.00653598;-1.3178;-0.0448295;
0.00653698;-1.36719;-0.0460533;
0.00653798;-1.41652;-0.0472752;
0.00653898;-1.46579;-0.0484953;
0.00653998;-1.515;-0.0497135;
0.00654098;-1.56415;-0.0509297;
0.00654198;-1.61324;-0.0521439;
0.00654298;-1.66225;-0.053356;
0.00654398;-1.7112;-0.0545661;
0.00654498;-1.76008;-0.0557739;
0.00654598;-1.80888;-0.0569796;
0.00654698;-1.85761;-0.058183;
0.00654798;-1.90627;-0.0593842;
0.00654898;-1.95484;-0.060583;
0.00654998;-2.00333;-0.0617793;
0.00655098;-2.05174;-0.0629733;
0.00655198;-2.10007;-0.0641648;
0.00655298;-2.14831;-0.0653537;
0.00655398;-2.19646;-0.0665401;
0.00655498;-2.24452;-0.0677238;
0.00655598;-2.29249;-0.0689048;
0.00655698;-2.34037;-0.0700832;
0.00655798;-2.38815;-0.0712587;
0.00655898;-2.43583;-0.0724315;
0.00655998;-2.48341;-0.0736014;
0.00656098;-2.53089;-0.0747684;
0.00656198;-2.57827;-0.0759324;
0.00656298;-2.62554;-0.0770935;
0.00656398;-2.6727;-0.0782515;
0.00656498;-2.71976;-0.0794064;
0.00656598;-2.7667;-0.0805581;
0.00656698;-2.81353;-0.0817067;
0.00656798;-2.86025;-0.0828521;
0.00656898;-2.90685;-0.0839942;
0.00656998;-2.95333;-0.085133;
0.00657098;-2.99969;-0.0862684;
0.00657198;-3.04593;-0.0874004;
0.00657298;-3.09204;-0.088529;
0.00657398;-3.13803;-0.089654;
0.00657498;-3.18389;-0.0907756;
0.00657598;-3.22962;-0.0918935;
0.00657698;-3.27522;-0.0930078;
0.00657798;-3.32069;-0.0941185;
0.00657898;-3.36603;-0.0952254;
0.00657998;-3.41122;-0.0963286;
0.00658098;-3.45628;-0.0974279;
0.00658198;-3.5012;-0.0985235;
0.00658298;-3.54598;-0.0996151;
0.00658398;-3.59061;-0.100703;
0.00658498;-3.6351;-0.101787;
0.00658598;-3.67944;-0.102866;
0.00658698;-3.72363;-0.103942;
0.00658798;-3.76768;-0.105013;
0.00658898;-3.81156;-0.106081;
0.00658998;-3.8553;-0.107144;
0.00659098;-3.89888;-0.108203;
0.00659198;-3.9423;-0.109258;
0.00659298;-3.98557;-0.110308;
0.00659398;-4.02867;-0.111354;
0.00659498;-4.07161;-0.112396;
0.00659598;-4.11438;-0.113433;
0.00659698;-4.15699;-0.114466;
0.00659798;-4.19944;-0.115494;
0.00659898;-4.24171;-0.116518;
0.00659998;-4.28381;-0.117537;
0.00660098;-4.32574;-0.118551;
0.00660198;-4.3675;-0.119561;
0.00660298;-4.40908;-0.120566;
0.00660398;-4.45048;-0.121566;
0.00660498;-4.4917;-0.122561;
0.00660598;-4.53275;-0.123552;
0.00660698;-4.57361;-0.124538;
0.00660798;-4.61428;-0.125519;
0.00660898;-4.65478;-0.126494;
0.00660998;-4.69508;-0.127465;
0.00661098;-4.7352;-0.128431;
0.00661198;-4.77512;-0.129392;
0.00661298;-4.81485;-0.130348;
0.00661398;-4.8544;-0.131298;
0.00661498;-4.89374;-0.132243;
0.00661598;-4.93289;-0.133184;
0.00661698;-4.97184;-0.134118;
0.00661798;-5.01059;-0.135048;
0.00661898;-5.04914;-0.135972;
0.00661998;-5.08749;-0.136891;
0.00662098;-5.12564;-0.137804;
0.00662198;-5.16358;-0.138712;
0.00662298;-5.20131;-0.139615;
0.00662398;-5.23883;-0.140512;
0.00662498;-5.27615;-0.141403;
0.00662598;-5.31325;-0.142289;
0.00662698;-5.35014;-0.14317;
0.00662798;-5.38682;-0.144044;
0.00662898;-5.42328;-0.144913;
0.00662998;-5.45952;-0.145776;
0.00663098;-5.49554;-0.146634;
0.00663198;-5.53135;-0.147486;
0.00663298;-5.56693;-0.148331;
0.00663398;-5.60229;-0.149171;
0.00663498;-5.63743;-0.150005;
0.00663598;-5.67234;-0.150834;
0.00663698;-5.70702;-0.151656;
0.00663798;-5.74148;-0.152472;
0.00663898;-5.7757;-0.153282;
0.00663998;-5.8097;-0.154087;
0.00664098;-5.84346;-0.154885;
0.00664198;-5.87699;-0.155677;
0.00664298;-5.91029;-0.156462;
0.00664398;-5.94335;-0.157242;
0.00664498;-5.97617;-0.158016;
0.00664598;-6.00875;-0.158783;
0.00664698;-6.04109;-0.159544;
0.00664798;-6.0732;-0.160298;
0.00664898;-6.10505;-0.161047;
0.00664998;-6.13667;-0.161789;
0.00665098;-6.16804;-0.162524;
0.00665198;-6.19916;-0.163253;
0.00665298;-6.23004;-0.163976;
0.00665398;-6.26067;-0.164692;
0.00665498;-6.29105;-0.165402;
0.00665598;-6.32117;-0.166105;
0.00665698;-6.35105;-0.166802;
0.00665798;-6.38067;-0.167492;
0.00665898;-6.41003;-0.168175;
0.00665998;-6.43915;-0.168852;
0.00666098;-6.468;-0.169522;
0.00666198;-6.4966;-0.170186;
0.00666298;-6.52493;-0.170842;
0.00666398;-6.55301;-0.171492;
0.00666498;-6.58083;-0.172136;
0.00666598;-6.60838;-0.172772;
0.00666698;-6.63567;-0.173402;
0.00666798;-6.66269;-0.174024;
0.00666898;-6.68945;-0.17464;
0.00666998;-6.71595;-0.175249;
0.00667098;-6.74217;-0.175851;
0.00667198;-6.76813;-0.176446;
0.00667298;-6.79381;-0.177034;
0.00667398;-6.81923;-0.177616;
0.00667498;-6.84437;-0.17819;
0.00667598;-6.86924;-0.178757;
0.00667698;-6.89384;-0.179317;
0.00667798;-6.91817;-0.17987;
0.00667898;-6.94221;-0.180416;
0.00667998;-6.96598;-0.180955;
0.00668098;-6.98948;-0.181486;
0.00668198;-7.01269;-0.182011;
0.00668298;-7.03563;-0.182528;
0.00668398;-7.05828;-0.183038;
0.00668498;-7.08066;-0.183541;
0.00668598;-7.10275;-0.184036;
0.00668698;-7.12456;-0.184525;
0.00668798;-7.14608;-0.185006;
0.00668898;-7.16732;-0.18548;
0.00668998;-7.18828;-0.185946;
0.00669098;-7.20895;-0.186405;
0.00669198;-7.22933;-0.186857;
0.00669298;-7.24942;-0.187301;
0.00669398;-7.26923;-0.187738;
0.00669498;-7.28874;-0.188168;
0.00669598;-7.30797;-0.18859;
0.00669698;-7.3269;-0.189004;
0.00669798;-7.34555;-0.189412;
0.00669898;-7.3639;-0.189811;
0.00669998;-7.38195;-0.190203;
0.00670098;-7.39972;-0.190588;
0.00670198;-7.41719;-0.190965;
0.00670298;-7.43436;-0.191335;
0.00670398;-7.45124;-0.191697;
0.00670498;-7.46782;-0.192052;
0.00670598;-7.4841;-0.192399;
0.00670698;-7.50009;-0.192738;
0.00670798;-7.51577;-0.19307;
0.00670898;-7.53116;-0.193394;
0.00670998;-7.54625;-0.19371;
0.00671098;-7.56104;-0.194019;
0.00671198;-7.57552;-0.19432;
0.00671298;-7.58971;-0.194614;
0.00671398;-7.60359;-0.1949;
0.00671498;-7.61717;-0.195178;
0.00671598;-7.63044;-0.195448;
0.00671698;-7.64342;-0.195711;
0.00671798;-7.65609;-0.195966;
0.00671898;-7.66845;-0.196213;
0.00671998;-7.68051;-0.196453;
0.00672098;-7.69226;-0.196684;
0.00672198;-7.70371;-0.196908;
0.00672298;-7.71485;-0.197125;
0.00672398;-7.72568;-0.197333;
0.00672498;-7.7362;-0.197534;
0.00672598;-7.74642;-0.197727;
0.00672698;-7.75633;-0.197912;
0.00672798;-7.76593;-0.198089;
0.00672898;-7.77522;-0.198258;
0.00672998;-7.7842;-0.19842;
0.00673098;-7.79287;-0.198574;
0.00673198;-7.80123;-0.198719;
0.00673298;-7.80928;-0.198857;
0.00673398;-7.81702;-0.198988;
0.00673498;-7.82444;-0.19911;
0.00673598;-7.83156;-0.199224;
0.00673698;-7.83836;-0.199331;
0.00673798;-7.84486;-0.19943;
0.00673898;-7.85103;-0.199521;
0.00673998;-7.8569;-0.199604;
0.00674098;-7.86245;-0.199679;
0.00674198;-7.86769;-0.199746;
0.00674298;-7.87262;-0.199805;
0.00674398;-7.87724;-0.199857;
0.00674498;-7.88153;-0.199901;
0.00674598;-7.88552;-0.199936;
0.00674698;-7.88919;-0.199964;
0.00674798;-7.89255;-0.199984;
0.00674898;-7.89559;-0.199996;
0.00674998;-7.89832;-0.2;
0.00675098;-7.90073;-0.199996;
0.00675198;-7.90283;-0.199985;
0.00675298;-7.90462;-0.199965;
0.00675398;-7.90609;-0.199937;
0.00675498;-7.90724;-0.199902;
0.00675598;-7.90808;-0.199859;
0.00675698;-7.9086;-0.199808;
0.00675798;-7.90881;-0.199749;
0.00675898;-7.9087;-0.199682;
0.00675998;-7.90828;-0.199607;
0.00676098;-7.90754;-0.199524;
0.00676198;-7.90649;-0.199434;
0.00676298;-7.90512;-0.199335;
0.00676398;-7.90344;-0.199229;
0.00676498;-7.90144;-0.199115;
0.00676598;-7.89913;-0.198993;
0.00676698;-7.8965;-0.198863;
0.00676798;-7.89356;-0.198725;
0.00676898;-7.8903;-0.19858;
0.00676998;-7.88673;-0.198426;
0.00677098;-7.88285;-0.198265;
0.00677198;-7.87865;-0.198096;
0.00677298;-7.87413;-0.197919;
0.00677398;-7.8693;-0.197734;
0.00677498;-7.86416;-0.197542;
0.00677598;-7.8587;-0.197341;
0.00677698;-7.85293;-0.197133;
0.00677798;-7.84685;-0.196917;
0.00677898;-7.84045;-0.196694;
0.00677998;-7.83374;-0.196462;
0.00678098;-7.82672;-0.196223;
0.00678198;-7.81939;-0.195976;
0.00678298;-7.81174;-0.195721;
0.00678398;-7.80379;-0.195459;
0.00678498;-7.79552;-0.195189;
0.00678598;-7.78694;-0.194911;
0.00678698;-7.77805;-0.194626;
0.00678798;-7.76885;-0.194332;
0.00678898;-7.75933;-0.194031;
0.00678998;-7.74951;-0.193723;
0.00679098;-7.73938;-0.193407;
0.00679198;-7.72894;-0.193083;
0.00679298;-7.7182;-0.192751;
0.00679398;-7.70714;-0.192412;
0.00679498;-7.69578;-0.192066;
0.00679598;-7.68411;-0.191712;
0.00679698;-7.67213;-0.19135;
0.00679798;-7.65985;-0.19098;
0.00679898;-7.64726;-0.190604;
0.00679998;-7.63436;-0.190219;
0.00680098;-7.62116;-0.189827;
0.00680198;-7.60766;-0.189428;
0.00680298;-7.59385;-0.189021;
0.00680398;-7.57974;-0.188607;
0.00680498;-7.56532;-0.188185;
0.00680598;-7.55061;-0.187755;
0.00680698;-7.53559;-0.187319;
0.00680798;-7.52027;-0.186875;
0.00680898;-7.50465;-0.186423;
0.00680998;-7.48873;-0.185965;
0.00681098;-7.47251;-0.185498;
0.00681198;-7.45599;-0.185025;
0.00681298;-7.43918;-0.184544;
0.00681398;-7.42206;-0.184056;
0.00681498;-7.40466;-0.183561;
0.00681598;-7.38695;-0.183058;
0.00681698;-7.36895;-0.182549;
0.00681798;-7.35065;-0.182032;
0.00681898;-7.33207;-0.181508;
0.00681998;-7.31318;-0.180976;
0.00682098;-7.29401;-0.180438;
0.00682198;-7.27454;-0.179892;
0.00682298;-7.25479;-0.179339;
0.00682398;-7.23474;-0.17878;
0.00682498;-7.2144;-0.178213;
0.00682598;-7.19378;-0.177639;
0.00682698;-7.17287;-0.177058;
0.00682798;-7.15167;-0.17647;
0.00682898;-7.13018;-0.175875;
0.00682998;-7.10841;-0.175274;
0.00683098;-7.08636;-0.174665;
0.00683198;-7.06402;-0.174049;
0.00683298;-7.0414;-0.173427;
0.00683398;-7.0185;-0.172797;
0.00683498;-6.99531;-0.172161;
0.00683598;-6.97185;-0.171518;
0.00683698;-6.94811;-0.170869;
0.00683798;-6.92409;-0.170212;
0.00683898;-6.89979;-0.169549;
0.00683998;-6.87522;-0.168879;
0.00684098;-6.85037;-0.168203;
0.00684198;-6.82525;-0.167519;
0.00684298;-6.79985;-0.16683;
0.00684398;-6.77418;-0.166133;
0.00684498;-6.74824;-0.16543;
0.00684598;-6.72204;-0.164721;
0.00684698;-6.69556;-0.164005;
0.00684798;-6.66881;-0.163282;
0.00684898;-6.6418;-0.162554;
0.00684998;-6.61452;-0.161818;
0.00685098;-6.58698;-0.161077;
0.00685198;-6.55917;-0.160329;
0.00685298;-6.5311;-0.159574;
0.00685398;-6.50277;-0.158813;
0.00685498;-6.47417;-0.158047;
0.00685598;-6.44532;-0.157273;
0.00685698;-6.41621;-0.156494;
0.00685798;-6.38685;-0.155708;
0.00685898;-6.35722;-0.154917;
0.00685998;-6.32735;-0.154119;
0.00686098;-6.29722;-0.153315;
0.00686198;-6.26683;-0.152505;
0.00686298;-6.2362;-0.151689;
0.00686398;-6.20532;-0.150867;
0.00686498;-6.17418;-0.150039;
0.00686598;-6.1428;-0.149205;
0.00686698;-6.11118;-0.148365;
0.00686798;-6.07931;-0.14752;
0.00686898;-6.04719;-0.146668;
0.00686998;-6.01484;-0.145811;
0.00687098;-5.98224;-0.144948;
0.00687198;-5.9494;-0.144079;
0.00687298;-5.91633;-0.143205;
0.00687398;-5.88301;-0.142325;
0.00687498;-5.84947;-0.141439;
0.00687598;-5.81568;-0.140548;
0.00687698;-5.78167;-0.139651;
0.00687798;-5.74742;-0.138749;
0.00687898;-5.71294;-0.137841;
0.00687998;-5.67823;-0.136928;
0.00688098;-5.6433;-0.136009;
0.00688198;-5.60814;-0.135085;
0.00688298;-5.57275;-0.134156;
0.00688398;-5.53714;-0.133221;
0.00688498;-5.50131;-0.132281;
0.00688598;-5.46526;-0.131336;
0.00688698;-5.42898;-0.130386;
0.00688798;-5.39249;-0.12943;
0.00688898;-5.35579;-0.12847;
0.00688998;-5.31887;-0.127504;
0.00689098;-5.28173;-0.126534;
0.00689198;-5.24439;-0.125558;
0.00689298;-5.20683;-0.124577;
0.00689398;-5.16907;-0.123592;
0.00689498;-5.13109;-0.122601;
0.00689598;-5.09292;-0.121606;
0.00689698;-5.05453;-0.120606;
0.00689798;-5.01595;-0.119601;
0.00689898;-4.97716;-0.118592;
0.00689998;-4.93817;-0.117578;
0.00690098;-4.89899;-0.116559;
0.00690198;-4.85961;-0.115535;
0.00690298;-4.82003;-0.114507;
0.00690398;-4.78026;-0.113475;
0.00690498;-4.7403;-0.112438;
0.00690598;-4.70014;-0.111396;
0.00690698;-4.6598;-0.11035;
0.00690798;-4.61927;-0.1093;
0.00690898;-4.57856;-0.108246;
0.00690998;-4.53766;-0.107187;
0.00691098;-4.49658;-0.106124;
0.00691198;-4.45532;-0.105056;
0.00691298;-4.41388;-0.103985;
0.00691398;-4.37226;-0.10291;
0.00691498;-4.33047;-0.10183;
0.00691598;-4.2885;-0.100746;
0.00691698;-4.24637;-0.0996589;
0.00691798;-4.20406;-0.0985675;
0.00691898;-4.16158;-0.0974721;
0.00691998;-4.11893;-0.0963729;
0.00692098;-4.07612;-0.0952699;
0.00692198;-4.03314;-0.0941631;
0.00692298;-3.99001;-0.0930526;
0.00692398;-3.94671;-0.0919384;
0.00692498;-3.90325;-0.0908206;
0.00692598;-3.85964;-0.0896992;
0.00692698;-3.81587;-0.0885743;
0.00692798;-3.77194;-0.0874459;
0.00692898;-3.72787;-0.086314;
0.00692998;-3.68364;-0.0851787;
0.00693098;-3.63927;-0.0840401;
0.00693198;-3.59475;-0.0828981;
0.00693298;-3.55009;-0.0817529;
0.00693398;-3.50528;-0.0806044;
0.00693498;-3.46033;-0.0794528;
0.00693598;-3.41524;-0.078298;
0.00693698;-3.37002;-0.0771401;
0.00693798;-3.32466;-0.0759792;
0.00693898;-3.27916;-0.0748153;
0.00693998;-3.23353;-0.0736484;
0.00694098;-3.18778;-0.0724786;
0.00694198;-3.14189;-0.071306;
0.00694298;-3.09588;-0.0701305;
0.00694398;-3.04974;-0.0689523;
0.00694498;-3.00348;-0.0677714;
0.00694598;-2.9571;-0.0665878;
0.00694698;-2.91059;-0.0654015;
0.00694798;-2.86397;-0.0642127;
0.00694898;-2.81724;-0.0630213;
0.00694998;-2.77039;-0.0618274;
0.00695098;-2.72343;-0.0606312;
0.00695198;-2.67636;-0.0594325;
0.00695298;-2.62918;-0.0582314;
0.00695398;-2.58189;-0.0570281;
0.00695498;-2.5345;-0.0558225;
0.00695598;-2.48701;-0.0546147;
0.00695698;-2.43942;-0.0534048;
0.00695798;-2.39172;-0.0521927;
0.00695898;-2.34394;-0.0509786;
0.00695998;-2.29605;-0.0497625;
0.00696098;-2.24807;-0.0485444;
0.00696198;-2.2;-0.0473244;
0.00696298;-2.15184;-0.0461025;
0.00696398;-2.1036;-0.0448788;
0.00696498;-2.05527;-0.0436533;
0.00696598;-2.00685;-0.0424261;
0.00696698;-1.95835;-0.0411973;
0.00696798;-1.90978;-0.0399668;
0.00696898;-1.86112;-0.0387347;
0.00696998;-1.81239;-0.0375011;
0.00697098;-1.76359;-0.036266;
0.00697198;-1.71471;-0.0350295;
0.00697298;-1.66576;-0.0337916;
0.00697398;-1.61674;-0.0325524;
0.00697498;-1.56766;-0.0313119;
0.00697598;-1.51851;-0.0300701;
0.00697698;-1.4693;-0.0288272;
0.00697798;-1.42003;-0.0275831;
0.00697898;-1.3707;-0.0263379;
0.00697998;-1.32132;-0.0250917;
0.00698098;-1.27188;-0.0238445;
0.00698198;-1.22238;-0.0225964;
0.00698298;-1.17284;-0.0213474;
0.00698398;-1.12324;-0.0200975;
0.00698498;-1.0736;-0.0188468;
0.00698598;-1.02392;-0.0175954;
0.00698698;-0.974186;-0.0163433;
0.00698798;-0.924415;-0.0150906;
0.00698898;-0.874605;-0.0138372;
0.00698998;-0.824757;-0.0125833;
0.00699098;-0.774874;-0.011329;
0.00699198;-0.724957;-0.0100741;
0.00699298;-0.675008;-0.00881889;
0.00699398;-0.62503;-0.00756331;
0.00699498;-0.575024;-0.00630743;
0.00699598;-0.524993;-0.0050513;
0.00699698;-0.474937;-0.00379497;
0.00699798;-0.42486;-0.0025385;
0.00699898;-0.374763;-0.00128192;
0.00699998;-0.324648;-2.52893e-05;
0.00700098;-0.274516;0.00123134;
0.00700198;-0.224371;0.00248792;
0.00700298;-0.174214;0.0037444;
0.00700398;-0.124047;0.00500074;
0.00700498;-0.0738712;0.00625687;
0.00700598;-0.0236895;0.00751277;
0.00700698;0.0264964;0.00876836;
0.00700798;0.0766846;0.0100236;
0.00700898;0.126873;0.0112785;
0.00700998;0.17706;0.0125329;
0.00701098;0.227243;0.0137868;
0.00701198;0.27742;0.0150401;
0.00701298;0.32759;0.0162929;
0.00701398;0.37775;0.017545;
0.00701498;0.427899;0.0187965;
0.00701598;0.478034;0.0200472;
0.00701698;0.528154;0.0212971;
0.00701798;0.578256;0.0225461;
0.00701898;0.628338;0.0237943;
0.00701998;0.678399;0.0250416;
0.00702098;0.728437;0.0262878;
0.00702198;0.778449;0.027533;
0.00702298;0.828433;0.0287771;
0.00702398;0.878388;0.0300201;
0.00702498;0.928312;0.0312619;
0.00702598;0.978202;0.0325025;
0.00702698;1.02806;0.0337418;
0.00702798;1.07787;0.0349797;
0.00702898;1.12765;0.0362163;
0.00702998;1.17739;0.0374514;
0.00703098;1.22708;0.0386851;
0.00703198;1.27673;0.0399172;
0.00703298;1.32633;0.0411478;
0.00703398;1.37588;0.0423767;
0.00703498;1.42538;0.043604;
0.00703598;1.47483;0.0448295;
0.00703698;1.52422;0.0460533;
0.00703798;1.57355;0.0472752;
0.00703898;1.62283;0.0484953;
0.00703998;1.67204;0.0497135;
0.00704098;1.72119;0.0509297;
0.00704198;1.77028;0.0521439;
0.00704298;1.81929;0.053356;
0.00704398;1.86824;0.0545661;
0.00704498;1.91712;0.0557739;
0.00704598;1.96593;0.0569796;
0.00704698;2.01466;0.058183;
0.00704798;2.06331;0.0593842;
0.00704898;2.11188;0.060583;
0.00704998;2.16038;0.0617793;
0.00705098;2.20879;0.0629733;
0.00705198;2.25712;0.0641648;
0.00705298;2.30536;0.0653537;
0.00705398;2.35351;0.0665401;
0.00705498;2.40157;0.0677238;
0.00705598;2.44954;0.0689048;
0.00705698;2.49741;0.0700832;
0.00705798;2.54519;0.0712587;
0.00705898;2.59287;0.0724315;
0.00705998;2.64046;0.0736014;
0.00706098;2.68794;0.0747684;
0.00706198;2.73531;0.0759324;
0.00706298;2.78258;0.0770935;
0.00706398;2.82975;0.0782515;
0.00706498;2.8768;0.0794064;
0.00706598;2.92374;0.0805581;
0.00706698;2.97057;0.0817067;
0.00706798;3.01729;0.0828521;
0.00706898;3.06389;0.0839942;
0.00706998;3.11037;0.085133;
0.00707098;3.15673;0.0862684;
0.00707198;3.20297;0.0874004;
0.00707298;3.24908;0.088529;
0.00707398;3.29507;0.089654;
0.00707498;3.34093;0.0907756;
0.00707598;3.38666;0.0918935;
0.00707698;3.43226;0.0930078;
0.00707798;3.47773;0.0941185;
0.00707898;3.52307;0.0952254;
0.00707998;3.56826;0.0963286;
0.00708098;3.61332;0.0974279;
0.00708198;3.65824;0.0985235;
0.00708298;3.70301;0.0996151;
0.00708398;3.74765;0.100703;
0.00708498;3.79214;0.101787;
0.00708598;3.83648;0.102866;
0.00708698;3.88067;0.103942;
0.00708798;3.92471;0.105013;
0.00708898;3.9686;0.106081;
0.00708998;4.01233;0.107144;
0.00709098;4.05591;0.108203;
0.00709198;4.09933;0.109258;
0.00709298;4.1426;0.110308;
0.00709398;4.1857;0.111354;
0.00709498;4.22864;0.112396;
0.00709598;4.27141;0.113433;
0.00709698;4.31402;0.114466;
0.00709798;4.35646;0.115494;
0.00709898;4.39874;0.116518;
0.00709998;4.44084;0.117537;
0.00710098;4.48277;0.118551;
0.00710198;4.52452;0.119561;
0.00710298;4.5661;0.120566;
0.00710398;4.6075;0.121566;
0.00710498;4.64873;0.122561;
0.00710598;4.68977;0.123552;
0.00710698;4.73063;0.124538;
0.00710798;4.77131;0.125519;
0.00710898;4.8118;0.126494;
0.00710998;4.8521;0.127465;
0.00711098;4.89222;0.128431;
0.00711198;4.93214;0.129392;
0.00711298;4.97187;0.130348;
0.00711398;5.01141;0.131298;
0.00711498;5.05076;0.132243;
0.00711598;5.08991;0.133184;
0.00711698;5.12886;0.134118;
0.00711798;5.16761;0.135048;
0.00711898;5.20616;0.135972;
0.00711998;5.24451;0.136891;
0.00712098;5.28265;0.137804;
0.00712198;5.32059;0.138712;
0.00712298;5.35832;0.139615;
0.00712398;5.39585;0.140512;
0.00712498;5.43316;0.141403;
0.00712598;5.47026;0.142289;
0.00712698;5.50715;0.14317;
0.00712798;5.54383;0.144044;
0.00712898;5.58029;0.144913;
0.00712998;5.61653;0.145776;
0.00713098;5.65255;0.146634;
0.00713198;5.68836;0.147486;
0.00713298;5.72394;0.148331;
0.00713398;5.7593;0.149171;
0.00713498;5.79444;0.150005;
0.00713598;5.82935;0.150834;
0.00713698;5.86403;0.151656;
0.00713798;5.89849;0.152472;
0.00713898;5.93271;0.153282;
0.00713998;5.96671;0.154087;
0.00714098;6.00047;0.154885;
0.00714198;6.034;0.155677;
0.00714298;6.06729;0.156462;
0.00714398;6.10035;0.157242;
0.00714498;6.13317;0.158016;
0.00714598;6.16576;0.158783;
0.00714698;6.1981;0.159544;
0.00714798;6.2302;0.160298;
0.00714898;6.26206;0.161047;
0.00714998;6.29367;0.161789;
0.00715098;6.32504;0.162524;
0.00715198;6.35617;0.163253;
0.00715298;6.38704;0.163976;
0.00715398;6.41767;0.164692;
0.00715498;6.44805;0.165402;
0.00715598;6.47817;0.166105;
0.00715698;6.50805;0.166802;
0.00715798;6.53767;0.167492;
0.00715898;6.56704;0.168175;
0.00715998;6.59615;0.168852;
0.00716098;6.625;0.169522;
0.00716198;6.6536;0.170186;
0.00716298;6.68193;0.170842;
0.00716398;6.71001;0.171492;
0.00716498;6.73782;0.172136;
0.00716598;6.76538;0.172772;
0.00716698;6.79267;0.173402;
0.00716798;6.81969;0.174024;
0.00716898;6.84645;0.17464;
0.00716998;6.87294;0.175249;
0.00717098;6.89917;0.175851;
0.00717198;6.92512;0.176446;
0.00717298;6.95081;0.177034;
0.00717398;6.97623;0.177616;
0.00717498;7.00137;0.17819;
0.00717598;7.02624;0.178757;
0.00717698;7.05084;0.179317;
0.00717798;7.07516;0.17987;
0.00717898;7.09921;0.180416;
0.00717998;7.12298;0.180955;
0.00718098;7.14647;0.181486;
0.00718198;7.16969;0.182011;
0.00718298;7.19262;0.182528;
0.00718398;7.21528;0.183038;
0.00718498;7.23765;0.183541;
0.00718598;7.25974;0.184036;
0.00718698;7.28155;0.184525;
0.00718798;7.30308;0.185006;
0.00718898;7.32432;0.18548;
0.00718998;7.34527;0.185946;
0.00719098;7.36594;0.186405;
0.00719198;7.38632;0.186857;
0.00719298;7.40642;0.187301;
0.00719398;7.42622;0.187738;
0.00719498;7.44574;0.188168;
0.00719598;7.46496;0.18859;
0.00719698;7.4839;0.189004;
0.00719798;7.50254;0.189412;
0.00719898;7.52089;0.189811;
0.00719998;7.53895;0.190203;
0.00720098;7.55671;0.190588;
0.00720198;7.57418;0.190965;
0.00720298;7.59135;0.191335;
0.00720398;7.60823;0.191697;
0.00720498;7.62481;0.192052;
0.00720598;7.64109;0.192399;
0.00720698;7.65708;0.192738;
0.00720798;7.67276;0.19307;
0.00720898;7.68815;0.193394;
0.00720998;7.70324;0.19371;
0.00721098;7.71802;0.194019;
0.00721198;7.73251;0.19432;
0.00721298;7.7467;0.194614;
0.00721398;7.76058;0.1949;
0.00721498;7.77416;0.195178;
0.00721598;7.78743;0.195448;
0.00721698;7.80041;0.195711;
0.00721798;7.81307;0.195966;
0.00721898;7.82544;0.196213;
0.00721998;7.8375;0.196453;
0.00722098;7.84925;0.196684;
0.00722198;7.86069;0.196908;
0.00722298;7.87183;0.197125;
0.00722398;7.88267;0.197333;
0.00722498;7.89319;0.197534;
0.00722598;7.90341;0.197727;
0.00722698;7.91331;0.197912;
0.00722798;7.92291;0.198089;
0.00722898;7.9322;0.198258;
0.00722998;7.94118;0.19842;
0.00723098;7.94985;0.198574;
0.00723198;7.95821;0.198719;
0.00723298;7.96626;0.198857;
0.00723398;7.974;0.198988;
0.00723498;7.98143;0.19911;
0.00723598;7.98854;0.199224;
0.00723698;7.99535;0.199331;
0.00723798;8.00184;0.19943;
0.00723898;8.00802;0.199521;
0.00723998;8.01389;0.199604;
0.00724098;8.01944;0.199679;
0.00724198;8.02468;0.199746;
0.00724298;8.02961;0.199805;
0.00724398;8.03422;0.199857;
0.00724498;8.03852;0.199901;
0.00724598;8.0425;0.199936;
0.00724698;8.04618;0.199964;
0.00724798;8.04953;0.199984;
0.00724898;8.05258;0.199996;
0.00724998;8.0553;0.2;
0.00725098;8.05772;0.199996;
0.00725198;8.05982;0.199985;
0.00725298;8.0616;0.199965;
0.00725398;8.06307;0.199937;
0.00725498;8.06422;0.199902;
0.00725598;8.06506;0.199859;
0.00725698;8.06558;0.199808;
0.00725798;8.06579;0.199749;
0.00725898;8.06569;0.199682;
0.00725998;8.06526;0.199607;
0.00726098;8.06453;0.199524;
0.00726198;8.06347;0.199434;
0.00726298;8.06211;0.199335;
0.00726398;8.06042;0.199229;
0.00726498;8.05843;0.199115;
0.00726598;8.05611;0.198993;
0.00726698;8.05348;0.198863;
0.00726798;8.05054;0.198725;
0.00726898;8.04728;0.19858;
0.00726998;8.04371;0.198426;
0.00727098;8.03983;0.198265;
0.00727198;8.03563;0.198096;
0.00727298;8.03111;0.197919;
0.00727398;8.02628;0.197734;
0.00727498;8.02114;0.197542;
0.00727598;8.01568;0.197341;
0.00727698;8.00991;0.197133;
0.00727798;8.00383;0.196917;
0.00727898;7.99743;0.196694;
0.00727998;7.99072;0.196462;
0.00728098;7.9837;0.196223;
0.00728198;7.97637;0.195976;
0.00728298;7.96872;0.195721;
0.00728398;7.96076;0.195459;
0.00728498;7.9525;0.195189;
0.00728598;7.94392;0.194911;
0.00728698;7.93502;0.194626;
0.00728798;7.92582;0.194332;
0.00728898;7.91631;0.194031;
0.00728998;7.90649;0.193723;
0.00729098;7.89636;0.193407;
0.00729198;7.88592;0.193083;
0.00729298;7.87517;0.192751;
0.00729398;7.86412;0.192412;
0.00729498;7.85275;0.192066;
0.00729598;7.84108;0.191712;
0.00729698;7.82911;0.19135;
0.00729798;7.81682;0.19098;
0.00729898;7.80423;0.190604;
0.00729998;7.79134;0.190219;
0.00730098;7.77814;0.189827;
0.00730198;7.76463;0.189428;
0.00730298;7.75082;0.189021;
0.00730398;7.73671;0.188607;
0.00730498;7.7223;0.188185;
0.00730598;7.70758;0.187755;
0.00730698;7.69256;0.187319;
0.00730798;7.67724;0.186875;
0.00730898;7.66162;0.186423;
0.00730998;7.6457;0.185965;
0.00731098;7.62948;0.185498;
0.00731198;7.61297;0.185025;
0.00731298;7.59615;0.184544;
0.00731398;7.57904;0.184056;
0.00731498;7.56163;0.183561;
0.00731598;7.54392;0.183058;
0.00731698;7.52592;0.182549;
0.00731798;7.50763;0.182032;
0.00731898;7.48904;0.181508;
0.00731998;7.47016;0.180976;
0.00732098;7.45098;0.180438;
0.00732198;7.43152;0.179892;
0.00732298;7.41176;0.179339;
0.00732398;7.39171;0.17878;
0.00732498;7.37138;0.178213;
0.00732598;7.35075;0.177639;
0.00732698;7.32984;0.177058;
0.00732798;7.30864;0.17647;
0.00732898;7.28715;0.175875;
0.00732998;7.26538;0.175274;
0.00733098;7.24333;0.174665;
0.00733198;7.22099;0.174049;
0.00733298;7.19837;0.173427;
0.00733398;7.17547;0.172797;
0.00733498;7.15228;0.172161;
0.00733598;7.12882;0.171518;
0.00733698;7.10508;0.170869;
0.00733798;7.08106;0.170212;
0.00733898;7.05676;0.169549;
0.00733998;7.03219;0.168879;
0.00734098;7.00734;0.168203;
0.00734198;6.98222;0.167519;
0.00734298;6.95682;0.16683;
0.00734398;6.93115;0.166133;
0.00734498;6.90521;0.16543;
0.00734598;6.879;0.164721;
0.00734698;6.85253;0.164005;
0.00734798;6.82578;0.163282;
0.00734898;6.79877;0.162554;
0.00734998;6.77149;0.161818;
0.00735098;6.74394;0.161077;
0.00735198;6.71614;0.160329;
0.00735298;6.68807;0.159574;
0.00735398;6.65973;0.158813;
0.00735498;6.63114;0.158047;
0.00735598;6.60229;0.157273;
0.00735698;6.57318;0.156494;
0.00735798;6.54381;0.155708;
0.00735898;6.51419;0.154917;
0.00735998;6.48431;0.154119;
0.00736098;6.45418;0.153315;
0.00736198;6.4238;0.152505;
0.00736298;6.39317;0.151689;
0.00736398;6.36228;0.150867;
0.00736498;6.33115;0.150039;
0.00736598;6.29977;0.149205;
0.00736698;6.26814;0.148365;
0.00736798;6.23627;0.14752;
0.00736898;6.20416;0.146668;
0.00736998;6.1718;0.145811;
0.00737098;6.1392;0.144948;
0.00737198;6.10637;0.144079;
0.00737298;6.07329;0.143205;
0.00737398;6.03998;0.142325;
0.00737498;6.00643;0.141439;
0.00737598;5.97265;0.140548;
0.00737698;5.93863;0.139651;
0.00737798;5.90438;0.138749;
0.00737898;5.8699;0.137841;
0.00737998;5.83519;0.136928;
0.00738098;5.80026;0.136009;
0.00738198;5.7651;0.135085;
0.00738298;5.72971;0.134156;
0.00738398;5.6941;0.133221;
0.00738498;5.65827;0.132281;
0.00738598;5.62221;0.131336;
0.00738698;5.58594;0.130386;
0.00738798;5.54945;0.12943;
0.00738898;5.51275;0.12847;
0.00738998;5.47583;0.127504;
0.00739098;5.43869;0.126534;
0.00739198;5.40135;0.125558;
0.00739298;5.36379;0.124577;
0.00739398;5.32602;0.123592;
0.00739498;5.28805;0.122601;
0.00739598;5.24987;0.121606;
0.00739698;5.21149;0.120606;
0.00739798;5.1729;0.119601;
0.00739898;5.13411;0.118592;
0.00739998;5.09513;0.117578;
0.00740098;5.05594;0.116559;
0.00740198;5.01656;0.115535;
0.00740298;4.97698;0.114507;
0.00740398;4.93721;0.113475;
0.00740498;4.89725;0.112438;
0.00740598;4.8571;0.111396;
0.00740698;4.81676;0.11035;
0.00740798;4.77623;0.1093;
0.00740898;4.73551;0.108246;
0.00740998;4.69461;0.107187;
0.00741098;4.65353;0.106124;
0.00741198;4.61227;0.105056;
0.00741298;4.57083;0.103985;
0.00741398;4.52921;0.10291;
0.00741498;4.48742;0.10183;
0.00741598;4.44545;0.100746;
0.00741698;4.40331;0.0996589;
0.00741798;4.361;0.0985675;
0.00741898;4.31852;0.0974721;
0.00741998;4.27588;0.0963729;
0.00742098;4.23306;0.0952699;
0.00742198;4.19009;0.0941631;
0.00742298;4.14695;0.0930526;
0.00742398;4.10365;0.0919384;
0.00742498;4.06019;0.0908206;
0.00742598;4.01658;0.0896992;
0.00742698;3.97281;0.0885743;
0.00742798;3.92889;0.0874459;
0.00742898;3.88481;0.086314;
0.00742998;3.84059;0.0851787;
0.00743098;3.79621;0.0840401;
0.00743198;3.75169;0.0828981;
0.00743298;3.70703;0.0817529;
0.00743398;3.66222;0.0806044;
0.00743498;3.61727;0.0794528;
0.00743598;3.57218;0.078298;
0.00743698;3.52696;0.0771401;
0.00743798;3.48159;0.0759792;
0.00743898;3.4361;0.0748153;
0.00743998;3.39047;0.0736484;
0.00744098;3.34471;0.0724786;
0.00744198;3.29883;0.071306;
0.00744298;3.25281;0.0701305;
0.00744398;3.20667;0.0689523;
0.00744498;3.16041;0.0677714;
0.00744598;3.11403;0.0665878;
0.00744698;3.06753;0.0654015;
0.00744798;3.02091;0.0642127;
0.00744898;2.97417;0.0630213;
0.00744998;2.92732;0.0618274;
0.00745098;2.88036;0.0606312;
0.00745198;2.83329;0.0594325;
0.00745298;2.78611;0.0582314;
0.00745398;2.73882;0.0570281;
0.00745498;2.69143;0.0558225;
0.00745598;2.64394;0.0546147;
0.00745698;2.59634;0.0534048;
0.00745798;2.54865;0.0521927;
0.00745898;2.50086;0.0509786;
0.00745998;2.45298;0.0497625;
0.00746098;2.405;0.0485444;
0.00746198;2.35693;0.0473244;
0.00746298;2.30877;0.0461025;
0.00746398;2.26052;0.0448788;
0.00746498;2.21219;0.0436533;
0.00746598;2.16377;0.0424261;
0.00746698;2.11528;0.0411973;
0.00746798;2.0667;0.0399668;
0.00746898;2.01804;0.0387347;
0.00746998;1.96931;0.0375011;
0.00747098;1.92051;0.036266;
0.00747198;1.87163;0.0350295;
0.00747298;1.82268;0.0337916;
0.00747398;1.77367;0.0325524;
0.00747498;1.72458;0.0313119;
0.00747598;1.67544;0.0300701;
0.00747698;1.62623;0.0288272;
0.00747798;1.57696;0.0275831;
0.00747898;1.52763;0.0263379;
0.00747998;1.47824;0.0250917;
0.00748098;1.4288;0.0238445;
0.00748198;1.37931;0.0225964;
0.00748298;1.32976;0.0213474;
0.00748398;1.28017;0.0200975;
0.00748498;1.23053;0.0188468;
0.00748598;1.18084;0.0175954;
0.00748698;1.13111;0.0163433;
0.00748798;1.08134;0.0150906;
0.00748898;1.03153;0.0138372;
0.00748998;0.981688;0.0125833;
0.00749098;0.931806;0.011329;
0.00749198;0.881891;0.0100741;
0.00749298;0.831943;0.00881889;
0.00749398;0.781967;0.00756331;
0.00749498;0.731962;0.00630743;
0.00749598;0.681933;0.0050513;
0.00749698;0.631879;0.00379497;
0.00749798;0.581803;0.0025385;
0.00749898;0.531708;0.00128192;
0.00749998;0.481595;2.52893e-05;
0.00750098;0.431466;-0.00123134;
0.00750198;0.381323;-0.00248792;
0.00750298;0.331168;-0.0037444;
0.00750398;0.281003;-0.00500074;
0.00750498;0.230829;-0.00625687;
0.00750598;0.18065;-0.00751277;
0.00750698;0.130467;-0.00876836;
0.00750798;0.0802808;-0.0100236;
0.00750898;0.0300949;-0.0112785;
0.00750998;-0.0200893;-0.0125329;
0.00751098;-0.0702698;-0.0137868;
0.00751198;-0.120445;-0.0150401;
0.00751298;-0.170612;-0.0162929;
0.00751398;-0.220769;-0.017545;
0.00751498;-0.270915;-0.0187965;
0.00751598;-0.321048;-0.0200472;
0.00751698;-0.371165;-0.0212971;
0.00751798;-0.421264;-0.0225461;
0.00751898;-0.471344;-0.0237943;
0.00751998;-0.521402;-0.0250416;
0.00752098;-0.571437;-0.0262878;
0.00752198;-0.621447;-0.027533;
0.00752298;-0.671429;-0.0287771;
0.00752398;-0.721382;-0.0300201;
0.00752498;-0.771303;-0.0312619;
0.00752598;-0.821191;-0.0325025;
0.00752698;-0.871043;-0.0337418;
0.00752798;-0.920858;-0.0349797;
0.00752898;-0.970634;-0.0362163;
0.00752998;-1.02037;-0.0374514;
0.00753098;-1.07006;-0.0386851;
0.00753198;-1.11971;-0.0399172;
0.00753298;-1.1693;-0.0411478;
0.00753398;-1.21885;-0.0423767;
0.00753498;-1.26835;-0.043604;
0.00753598;-1.3178;-0.0448295;
0.00753698;-1.36719;-0.0460533;
0.00753798;-1.41652;-0.0472752;
0.00753898;-1.46579;-0.0484953;
0.00753998;-1.515;-0.0497135;
0.00754098;-1.56415;-0.0509297;
0.00754198;-1.61324;-0.0521439;
0.00754298;-1.66225;-0.053356;
0.00754398;-1.7112;-0.0545661;
0.00754498;-1.76008;-0.0557739;
0.00754598;-1.80888;-0.0569796;
0.00754698;-1.85761;-0.058183;
0.00754798;-1.90627;-0.0593842;
0.00754898;-1.95484;-0.060583;
0.00754998;-2.00333;-0.0617793;
0.00755098;-2.05174;-0.0629733;
0.00755198;-2.10007;-0.0641648;
0.00755298;-2.14831;-0.0653537;
0.00755398;-2.19646;-0.0665401;
0.00755498;-2.24452;-0.0677238;
0.00755598;-2.29249;-0.0689048;
0.00755698;-2.34037;-0.0700832;
0.00755798;-2.38815;-0.0712587;
0.00755898;-2.43583;-0.0724315;
0.00755998;-2.48341;-0.0736014;
0.00756098;-2.53089;-0.0747684;
0.00756198;-2.57827;-0.0759324;
0.00756298;-2.62554;-0.0770935;
0.00756398;-2.6727;-0.0782515;
0.00756498;-2.71976;-0.0794064;
0.00756598;-2.7667;-0.0805581;
0.00756698;-2.81353;-0.0817067;
0.00756798;-2.86025;-0.0828521;
0.00756898;-2.90685;-0.0839942;
0.00756998;-2.95333;-0.085133;
0.00757098;-2.99969;-0.0862684;
0.00757198;-3.04593;-0.0874004;
0.00757298;-3.09204;-0.088529;
0.00757398;-3.13803;-0.089654;
0.00757498;-3.18389;-0.0907756;
0.00757598;-3.22962;-0.0918935;
0.00757698;-3.27522;-0.0930078;
0.00757798;-3.32069;-0.0941185;
0.00757898;-3.36603;-0.0952254;
0.00757998;-3.41122;-0.0963286;
0.00758098;-3.45628;-0.0974279;
0.00758198;-3.5012;-0.0985235;
0.00758298;-3.54598;-0.0996151;
0.00758398;-3.59061;-0.100703;
0.00758498;-3.6351;-0.101787;
0.00758598;-3.67944;-0.102866;
0.00758698;-3.72363;-0.103942;
0.00758798;-3.76768;-0.105013;
0.00758898;-3.81156;-0.106081;
0.00758998;-3.8553;-0.107144;
0.00759098;-3.89888;-0.108203;
0.00759198;-3.9423;-0.109258;
0.00759298;-3.98557;-0.110308;
0.00759398;-4.02867;-0.111354;
0.00759498;-4.07161;-0.112396;
0.00759598;-4.11438;-0.113433;
0.00759698;-4.15699;-0.114466;
0.00759798;-4.19944;-0.115494;
0.00759898;-4.24171;-0.116518;
0.00759998;-4.28381;-0.117537;
0.00760098;-4.32574;-0.118551;
0.00760198;-4.3675;-0.119561;
0.00760298;-4.40908;-0.120566;
0.00760398;-4.45048;-0.121566;
0.00760498;-4.4917;-0.122561;
0.00760598;-4.53275;-0.123552;
0.00760698;-4.57361;-0.124538;
0.00760798;-4.61428;-0.125519;
0.00760898;-4.65478;-0.126494;
0.00760998;-4.69508;-0.127465;
0.00761098;-4.7352;-0.128431;
0.00761198;-4.77512;-0.129392;
0.00761298;-4.81485;-0.130348;
0.00761398;-4.8544;-0.131298;
0.00761498;-4.89374;-0.132243;
0.00761598;-4.93289;-0.133184;
0.00761698;-4.97184;-0.134118;
0.00761798;-5.01059;-0.135048;
0.00761898;-5.04914;-0.135972;
0.00761998;-5.08749;-0.136891;
0.00762098;-5.12564;-0.137804;
0.00762198;-5.16358;-0.138712;
0.00762298;-5.20131;-0.139615;
0.00762398;-5.23883;-0.140512;
0.00762498;-5.27615;-0.141403;
0.00762598;-5.31325;-0.142289;
0.00762698;-5.35014;-0.14317;
0.00762798;-5.38682;-0.144044;
0.00762898;-5.42328;-0.144913;
0.00762998;-5.45952;-0.145776;
0.00763098;-5.49554;-0.146634;
0.00763198;-5.53135;-0.147486;
0.00763298;-5.56693;-0.148331;
0.00763398;-5.60229;-0.149171;
0.00763498;-5.63743;-0.150005;
0.00763598;-5.67234;-0.150834;
0.00763698;-5.70702;-0.151656;
0.00763798;-5.74148;-0.152472;
0.00763898;-5.7757;-0.153282;
0.00763998;-5.8097;-0.154087;
0.00764098;-5.84346;-0.154885;
0.00764198;-5.87699;-0.155677;
0.00764298;-5.91029;-0.156462;
0.00764398;-5.94335;-0.157242;
0.00764498;-5.97617;-0.158016;
0.00764598;-6.00875;-0.158783;
0.00764698;-6.04109;-0.159544;
0.00764798;-6.0732;-0.160298;
0.00764898;-6.10505;-0.161047;
0.00764998;-6.13667;-0.161789;
0.00765098;-6.16804;-0.162524;
0.00765198;-6.19916;-0.163253;
0.00765298;-6.23004;-0.163976;
0.00765398;-6.26067;-0.164692;
0.00765498;-6.29105;-0.165402;
0.00765598;-6.32117;-0.166105;
0.00765698;-6.35105;-0.166802;
0.00765798;-6.38067;-0.167492;
0.00765898;-6.41003;-0.168175;
0.00765998;-6.43915;-0.168852;
0.00766098;-6.468;-0.169522;
0.00766198;-6.4966;-0.170186;
0.00766298;-6.52493;-0.170842;
0.00766398;-6.55301;-0.171492;
0.00766498;-6.58083;-0.172136;
0.00766598;-6.60838;-0.172772;
0.00766698;-6.63567;-0.173402;
0.00766798;-6.66269;-0.174024;
0.00766898;-6.68945;-0.17464;
0.00766998;-6.71595;-0.175249;
0.00767098;-6.74217;-0.175851;
0.00767198;-6.76813;-0.176446;
0.00767298;-6.79381;-0.177034;
0.00767398;-6.81923;-0.177616;
0.00767498;-6.84437;-0.17819;
0.00767598;-6.86924;-0.178757;
0.00767698;-6.89384;-0.179317;
0.00767798;-6.91817;-0.17987;
0.00767898;-6.94221;-0.180416;
0.00767998;-6.96598;-0.180955;
0.00768098;-6.98948;-0.181486;
0.00768198;-7.01269;-0.182011;
0.00768298;-7.03563;-0.182528;
0.00768398;-7.05828;-0.183038;
0.00768498;-7.08066;-0.183541;
0.00768598;-7.10275;-0.184036;
0.00768698;-7.12456;-0.184525;
0.00768798;-7.14608;-0.185006;
0.00768898;-7.16732;-0.18548;
0.00768998;-7.18828;-0.185946;
0.00769098;-7.20895;-0.186405;
0.00769198;-7.22933;-0.186857;
0.00769298;-7.24942;-0.187301;
0.00769398;-7.26923;-0.187738;
0.00769498;-7.28874;-0.188168;
0.00769598;-7.30797;-0.18859;
0.00769698;-7.3269;-0.189004;
0.00769798;-7.34555;-0.189412;
0.00769898;-7.3639;-0.189811;
0.00769998;-7.38195;-0.190203;
0.00770098;-7.39972;-0.190588;
0.00770198;-7.41719;-0.190965;
0.00770298;-7.43436;-0.191335;
0.00770398;-7.45124;-0.191697;
0.00770498;-7.46782;-0.192052;
0.00770598;-7.4841;-0.192399;
0.00770698;-7.50009;-0.192738;
0.00770798;-7.51577;-0.19307;
0.00770898;-7.53116;-0.193394;
0.00770998;-7.54625;-0.19371;
0.00771098;-7.56104;-0.194019;
0.00771198;-7.57552;-0.19432;
0.00771298;-7.58971;-0.194614;
0.00771398;-7.60359;-0.1949;
0.00771498;-7.61717;-0.195178;
0.00771598;-7.63044;-0.195448;
0.00771698;-7.64342;-0.195711;
0.00771798;-7.65609;-0.195966;
0.00771898;-7.66845;-0.196213;
0.00771998;-7.68051;-0.196453;
0.00772098;-7.69226;-0.196684;
0.00772198;-7.70371;-0.196908;
0.00772298;-7.71485;-0.197125;
0.00772398;-7.72568;-0.197333;
0.00772498;-7.7362;-0.197534;
0.00772598;-7.74642;-0.197727;
0.00772698;-7.75633;-0.197912;
0.00772798;-7.76593;-0.198089;
0.00772898;-7.77522;-0.198258;
0.00772998;-7.7842;-0.19842;
0.00773098;-7.79287;-0.198574;
0.00773198;-7.80123;-0.198719;
0.00773298;-7.80928;-0.198857;
0.00773398;-7.81702;-0.198988;
0.00773498;-7.82444;-0.19911;
0.00773598;-7.83156;-0.199224;
0.00773698;-7.83836;-0.199331;
0.00773798;-7.84486;-0.19943;
0.00773898;-7.85103;-0.199521;
0.00773998;-7.8569;-0.199604;
0.00774098;-7.86245;-0.199679;
0.00774198;-7.86769;-0.199746;
0.00774298;-7.87262;-0.199805;
0.00774398;-7.87724;-0.199857;
0.00774498;-7.88153;-0.199901;
0.00774598;-7.88552;-0.199936;
0.00774698;-7.88919;-0.199964;
0.00774798;-7.89255;-0.199984;
0.00774898;-7.89559;-0.199996;
0.00774998;-7.89832;-0.2;
0.00775098;-7.90073;-0.199996;
0.00775198;-7.90283;-0.199985;
0.00775298;-7.90462;-0.199965;
0.00775398;-7.90609;-0.199937;
0.00775498;-7.90724;-0.199902;
0.00775598;-7.90808;-0.199859;
0.00775698;-7.9086;-0.199808;
0.00775798;-7.90881;-0.199749;
0.00775898;-7.9087;-0.199682;
0.00775998;-7.90828;-0.199607;
0.00776098;-7.90754;-0.199524;
0.00776198;-7.90649;-0.199434;
0.00776298;-7.90512;-0.199335;
0.00776398;-7.90344;-0.199229;
0.00776498;-7.90144;-0.199115;
0.00776598;-7.89913;-0.198993;
0.00776698;-7.8965;-0.198863;
0.00776798;-7.89356;-0.198725;
0.00776898;-7.8903;-0.19858;
0.00776998;-7.88673;-0.198426;
0.00777098;-7.88285;-0.198265;
0.00777198;-7.87865;-0.198096;
0.00777298;-7.87413;-0.197919;
0.00777398;-7.8693;-0.197734;
0.00777498;-7.86416;-0.197542;
0.00777598;-7.8587;-0.197341;
0.00777698;-7.85293;-0.197133;
0.00777798;-7.84685;-0.196917;
0.00777898;-7.84045;-0.196694;
0.00777998;-7.83374;-0.196462;
0.00778098;-7.82672;-0.196223;
0.00778198;-7.81939;-0.195976;
0.00778298;-7.81174;-0.195721;
0.00778398;-7.80379;-0.195459;
0.00778498;-7.79552;-0.195189;
0.00778598;-7.78694;-0.194911;
0.00778698;-7.77805;-0.194626;
0.00778798;-7.76885;-0.194332;
0.00778898;-7.75933;-0.194031;
0.00778998;-7.74951;-0.193723;
0.00779098;-7.73938;-0.193407;
0.00779198;-7.72894;-0.193083;
0.00779298;-7.7182;-0.192751;
0.00779398;-7.70714;-0.192412;
0.00779498;-7.69578;-0.192066;
0.00779598;-7.68411;-0.191712;
0.00779698;-7.67213;-0.19135;
0.00779798;-7.65985;-0.19098;
0.00779898;-7.64726;-0.190604;
0.00779998;-7.63436;-0.190219;
0.00780098;-7.62116;-0.189827;
0.00780198;-7.60766;-0.189428;
0.00780298;-7.59385;-0.189021;
0.00780398;-7.57974;-0.188607;
0.00780498;-7.56532;-0.188185;
0.00780598;-7.55061;-0.187755;
0.00780698;-7.53559;-0.187319;
0.00780798;-7.52027;-0.186875;
0.00780898;-7.50465;-0.186423;
0.00780998;-7.48873;-0.185965;
0.00781098;-7.47251;-0.185498;
0.00781198;-7.45599;-0.185025;
0.00781298;-7.43918;-0.184544;
0.00781398;-7.42206;-0.184056;
0.00781498;-7.40466;-0.183561;
0.00781598;-7.38695;-0.183058;
0.00781698;-7.36895;-0.182549;
0.00781798;-7.35065;-0.182032;
0.00781898;-7.33207;-0.181508;
0.00781998;-7.31318;-0.180976;
0.00782098;-7.29401;-0.180438;
0.00782198;-7.27454;-0.179892;
0.00782298;-7.25479;-0.179339;
0.00782398;-7.23474;-0.17878;
0.00782498;-7.2144;-0.178213;
0.00782598;-7.19378;-0.177639;
0.00782698;-7.17287;-0.177058;
0.00782798;-7.15167;-0.17647;
0.00782898;-7.13018;-0.175875;
0.00782998;-7.10841;-0.175274;
0.00783098;-7.08636;-0.174665;
0.00783198;-7.06402;-0.174049;
0.00783298;-7.0414;-0.173427;
0.00783398;-7.0185;-0.172797;
0.00783498;-6.99531;-0.172161;
0.00783598;-6.97185;-0.171518;
0.00783698;-6.94811;-0.170869;
0.00783798;-6.92409;-0.170212;
0.00783898;-6.89979;-0.169549;
0.00783998;-6.87522;-0.168879;
0.00784098;-6.85037;-0.168203;
0.00784198;-6.82525;-0.167519;
0.00784298;-6.79985;-0.16683;
0.00784398;-6.77418;-0.166133;
0.00784498;-6.74824;-0.16543;
0.00784598;-6.72204;-0.164721;
0.00784698;-6.69556;-0.164005;
0.00784798;-6.66881;-0.163282;
0.00784898;-6.6418;-0.162554;
0.00784998;-6.61452;-0.161818;
0.00785098;-6.58698;-0.161077;
0.00785198;-6.55917;-0.160329;
0.00785298;-6.5311;-0.159574;
0.00785398;-6.50277;-0.158813;
0.00785498;-6.47417;-0.158047;
0.00785598;-6.44532;-0.157273;
0.00785698;-6.41621;-0.156494;
0.00785798;-6.38685;-0.155708;
0.00785898;-6.35722;-0.154917;
0.00785998;-6.32735;-0.154119;
0.00786098;-6.29722;-0.153315;
0.00786198;-6.26683;-0.152505;
0.00786298;-6.2362;-0.151689;
0.00786398;-6.20532;-0.150867;
0.00786498;-6.17418;-0.150039;
0.00786598;-6.1428;-0.149205;
0.00786698;-6.11118;-0.148365;
0.00786798;-6.07931;-0.14752;
0.00786898;-6.04719;-0.146668;
0.00786998;-6.01484;-0.145811;
0.00787098;-5.98224;-0.144948;
0.00787198;-5.9494;-0.144079;
0.00787298;-5.91633;-0.143205;
0.00787398;-5.88301;-0.142325;
0.00787498;-5.84947;-0.141439;
0.00787598;-5.81568;-0.140548;
0.00787698;-5.78167;-0.139651;
0.00787798;-5.74742;-0.138749;
0.00787898;-5.71294;-0.137841;
0.00787998;-5.67823;-0.136928;
0.00788098;-5.6433;-0.136009;
0.00788198;-5.60814;-0.135085;
0.00788298;-5.57275;-0.134156;
0.00788398;-5.53714;-0.133221;
0.00788498;-5.50131;-0.132281;
0.00788598;-5.46526;-0.131336;
0.00788698;-5.42898;-0.130386;
0.00788798;-5.39249;-0.12943;
0.00788898;-5.35579;-0.12847;
0.00788998;-5.31887;-0.127504;
0.00789098;-5.28173;-0.126534;
0.00789198;-5.24439;-0.125558;
0.00789298;-5.20683;-0.124577;
0.00789398;-5.16907;-0.123592;
0.00789498;-5.13109;-0.122601;
0.00789598;-5.09292;-0.121606;
0.00789698;-5.05453;-0.120606;
0.00789798;-5.01595;-0.119601;
0.00789898;-4.97716;-0.118592;
0.00789998;-4.93817;-0.117578;
0.00790098;-4.89899;-0.116559;
0.00790198;-4.85961;-0.115535;
0.00790298;-4.82003;-0.114507;
0.00790398;-4.78026;-0.113475;
0.00790498;-4.7403;-0.112438;
0.00790598;-4.70014;-0.111396;
0.00790698;-4.6598;-0.11035;
0.00790798;-4.61927;-0.1093;
0.00790898;-4.57856;-0.108246;
0.00790998;-4.53766;-0.107187;
0.00791098;-4.49658;-0.106124;
0.00791198;-4.45532;-0.105056;
0.00791298;-4.41388;-0.103985;
0.00791398;-4.37226;-0.10291;
0.00791498;-4.33047;-0.10183;
0.00791598;-4.2885;-0.100746;
0.00791698;-4.24637;-0.0996589;
0.00791798;-4.20406;-0.0985675;
0.00791898;-4.16158;-0.0974721;
0.00791998;-4.11893;-0.0963729;
0.00792098;-4.07612;-0.0952699;
0.00792198;-4.03314;-0.0941631;
0.00792298;-3.99001;-0.0930526;
0.00792398;-3.94671;-0.0919384;
0.00792498;-3.90325;-0.0908206;
0.00792598;-3.85964;-0.0896992;
0.00792698;-3.81587;-0.0885743;
0.00792798;-3.77194;-0.0874459;
0.00792898;-3.72787;-0.086314;
0.00792998;-3.68364;-0.0851787;
0.00793098;-3.63927;-0.0840401;
0.00793198;-3.59475;-0.0828981;
0.00793298;-3.55009;-0.0817529;
0.00793398;-3.50528;-0.0806044;
0.00793498;-3.46033;-0.0794528;
0.00793598;-3.41524;-0.078298;
0.00793698;-3.37002;-0.0771401;
0.00793798;-3.32466;-0.0759792;
0.00793898;-3.27916;-0.0748153;
0.00793998;-3.23353;-0.0736484;
0.00794098;-3.18778;-0.0724786;
0.00794198;-3.14189;-0.071306;
0.00794298;-3.09588;-0.0701305;
0.00794398;-3.04974;-0.0689523;
0.00794498;-3.00348;-0.0677714;
0.00794598;-2.9571;-0.0665878;
0.00794698;-2.91059;-0.0654015;
0.00794798;-2.86397;-0.0642127;
0.00794898;-2.81724;-0.0630213;
0.00794998;-2.77039;-0.0618274;
0.00795098;-2.72343;-0.0606312;
0.00795198;-2.67636;-0.0594325;
0.00795298;-2.62918;-0.0582314;
0.00795398;-2.58189;-0.0570281;
0.00795498;-2.5345;-0.0558225;
0.00795598;-2.48701;-0.0546147;
0.00795698;-2.43942;-0.0534048;
0.00795798;-2.39172;-0.0521927;
0.00795898;-2.34394;-0.0509786;
0.00795998;-2.29605;-0.0497625;
0.00796098;-2.24807;-0.0485444;
0.00796198;-2.2;-0.0473244;
0.00796298;-2.15184;-0.0461025;
0.00796398;-2.1036;-0.0448788;
0.00796498;-2.05527;-0.0436533;
0.00796598;-2.00685;-0.0424261;
0.00796698;-1.95835;-0.0411973;
0.00796798;-1.90978;-0.0399668;
0.00796898;-1.86112;-0.0387347;
0.00796998;-1.81239;-0.0375011;
0.00797098;-1.76359;-0.036266;
0.00797198;-1.71471;-0.0350295;
0.00797298;-1.66576;-0.0337916;
0.00797398;-1.61674;-0.0325524;
0.00797498;-1.56766;-0.0313119;
0.00797598;-1.51851;-0.0300701;
0.00797698;-1.4693;-0.0288272;
0.00797798;-1.42003;-0.0275831;
0.00797898;-1.3707;-0.0263379;
0.00797998;-1.32132;-0.0250917;
0.00798098;-1.27188;-0.0238445;
0.00798198;-1.22238;-0.0225964;
0.00798298;-1.17284;-0.0213474;
0.00798398;-1.12324;-0.0200975;
0.00798498;-1.0736;-0.0188468;
0.00798598;-1.02392;-0.0175954;
0.00798698;-0.974186;-0.0163433;
0.00798798;-0.924415;-0.0150906;
0.00798898;-0.874605;-0.0138372;
0.00798998;-0.824757;-0.0125833;
0.00799098;-0.774874;-0.011329;
0.00799198;-0.724957;-0.0100741;
0.00799298;-0.675008;-0.00881889;
0.00799398;-0.62503;-0.00756331;
0.00799498;-0.575024;-0.00630743;
0.00799598;-0.524993;-0.0050513;
0.00799698;-0.474937;-0.00379497;
0.00799798;-0.42486;-0.0025385;
0.00799898;-0.374763;-0.00128192;
0.00799998;-0.324648;-2.52893e-05;
0.008;-0.323639;-3.91887e-16;
